Code,ICAO_Found
AYGA,0
AYMD,0
AYMH,0
AYNZ,1
AYPY,1
AYWK,0
BGBW,1
BGCO,1
BGGH,1
BGJN,1
BGKK,1
BGSF,1
BGTL,1
BIAR,1
BIEG,1
BIHN,0
BIHU,0
BIIS,0
BIKF,1
BIKP,0
BIPA,0
BIRK,1
BISI,1
BIVM,1
CYAM,1
CYAV,1
CYAW,0
CYAY,1
CYAZ,1
CYBB,0
CYBC,1
CYBG,1
CYBK,1
CYBL,1
CYBR,1
CYCB,1
CYCD,1
CYCG,1
CYCH,0
CYCL,0
CYCO,1
CYCT,1
CYCW,0
CYCY,1
CYCZ,1
CYDA,1
CYDB,1
CYDC,1
CYDF,1
CYDL,1
CYDN,1
CYDQ,1
CYED,1
CYEG,1
CYEK,1
CYEN,1
CYET,1
CYEU,0
CYEV,1
CYFB,1
CYFC,1
CYFE,0
CYFO,1
CYFR,0
CYFS,1
CYGK,1
CYGL,1
CYGP,1
CYGQ,1
CYGR,1
CYGW,1
CYGX,1
CYHB,1
CYHD,1
CYHI,0
CYHK,1
CYHM,1
CYHU,1
CYHY,1
CYHZ,1
CYIB,0
CYIO,1
CYJN,1
CYJT,1
CYKA,1
CYKF,1
CYKL,1
CYKY,1
CYKZ,1
CYLD,1
CYLJ,1
CYLL,1
CYLT,0
CYLW,1
CYMA,1
CYMJ,0
CYMM,1
CYMO,1
CYMW,1
CYMX,1
CYNA,1
CYND,1
CYNM,1
CYOC,1
CYOD,1
CYOJ,1
CYOW,1
CYPA,1
CYPE,1
CYPG,1
CYPK,1
CYPL,1
CYPN,1
CYPQ,1
CYPR,1
CYPY,1
CYQA,1
CYQB,1
CYQF,1
CYQG,1
CYQH,1
CYQK,1
CYQL,1
CYQM,1
CYQN,1
CYQQ,1
CYQR,1
CYQT,1
CYQU,1
CYQV,1
CYQW,1
CYQX,1
CYQY,1
CYQZ,1
CYRB,1
CYRI,1
CYRJ,1
CYRM,1
CYRT,1
CYSB,1
CYSC,1
CYSJ,1
CYSM,1
CYSR,0
CYSU,1
CYSY,1
CYTE,1
CYTH,1
CYTR,1
CYTS,1
CYTZ,1
CYUB,1
CYUL,1
CYUT,0
CYUX,1
CYUY,1
CYVC,1
CYVG,1
CYVM,1
CYVO,1
CYVP,1
CYVQ,1
CYVR,1
CYVT,1
CYVV,1
CYWA,1
CYWG,1
CYWK,1
CYWL,1
CYWY,0
CYXC,1
CYXD,1
CYXE,1
CYXH,1
CYXJ,1
CYXL,1
CYXP,1
CYXR,1
CYXS,1
CYXT,1
CYXU,1
CYXX,1
CYXY,1
CYYB,1
CYYC,1
CYYD,1
CYYE,1
CYYF,1
CYYG,1
CYYH,1
CYYJ,1
CYYL,0
CYYN,1
CYYQ,1
CYYR,1
CYYT,1
CYYU,1
CYYW,0
CYYY,1
CYYZ,1
CYZD,1
CYZE,1
CYZF,1
CYZH,1
CYZP,1
CYZR,1
CYZT,1
CYZU,1
CYZV,1
CYZW,1
CYZX,1
CZFA,1
CZFM,1
DAAB,0
DAAD,1
DAAE,1
DAAG,1
DAAJ,1
DAAK,0
DAAM,0
DAAN,0
DAAP,1
DAAQ,0
DAAS,1
DAAT,1
DAAV,1
DAAY,1
DAAZ,0
DABB,1
DABC,1
DABS,1
DAFH,1
DAOB,1
DAOE,0
DAOF,1
DAOI,1
DAOL,1
DAON,1
DAOO,1
DAOS,0
DAOV,1
DAUA,1
DAUB,1
DAUE,1
DAUG,1
DAUH,1
DAUI,1
DAUK,1
DAUL,1
DAUT,1
DAUU,1
DAUZ,1
DBBB,1
DBBP,1
DFFD,1
DFOO,1
DGAA,1
DGLE,1
DGLW,1
DGSN,1
DGTK,1
DIAP,1
DIBK,0
DIDL,1
DIKO,0
DIMN,0
DISP,1
DIYO,1
DNAA,0
DNAK,0
DNBE,0
DNCA,0
DNEN,0
DNGU,0
DNIB,1
DNIL,1
DNJO,0
DNKA,0
DNKN,1
DNMA,0
DNMK,1
DNMM,1
DNMN,0
DNPO,0
DNSO,0
DNYO,0
DNZA,1
DRRM,1
DRRN,1
DRRT,1
DRZA,1
DRZD,0
DRZF,0
DRZR,1
DRZT,0
DTMB,1
DTTA,1
DTTB,1
DTTD,1
DTTF,1
DTTG,1
DTTI,1
DTTJ,1
DTTR,1
DTTX,1
DTTZ,1
DXNG,1
DXXX,1
EBAW,1
EBBE,1
EBBL,1
EBBR,1
EBBT,0
EBBX,0
EBCI,1
EBCV,1
EBFN,1
EBFS,1
EBKT,0
EBLG,1
EBOS,1
EBSL,0
EBST,0
EBUL,0
EBWE,0
EBZR,0
EDAB,1
EDAC,0
EDAD,0
EDAE,0
EDAH,0
EDAK,1
EDAM,1
EDAQ,1
EDAU,1
EDAX,0
EDAY,1
EDAZ,1
EDBC,1
EDBG,0
EDBH,1
EDBJ,1
EDBK,0
EDBM,1
EDBN,0
EDBR,0
EDCA,0
EDCD,0
EDCK,0
EDCM,1
EDDB,1
EDDC,1
EDDE,1
EDDF,1
EDDG,1
EDDH,1
EDDI,1
EDDK,1
EDDL,1
EDDM,1
EDDN,1
EDDP,1
EDDR,1
EDDS,1
EDDT,1
EDDV,1
EDDW,1
EDFE,1
EDFH,1
EDFM,1
EDFQ,0
EDFV,0
EDFZ,1
EDGE,0
EDGS,0
EDHI,0
EDHK,1
EDHL,1
EDKA,0
EDKV,1
EDKZ,1
EDLA,1
EDLC,0
EDLE,0
EDLN,0
EDLP,1
EDLS,0
EDLW,1
EDMA,1
EDMB,1
EDME,0
EDMO,1
EDMS,1
EDMV,0
EDNL,0
EDNY,1
EDOP,0
EDOV,0
EDPA,0
EDQC,0
EDQD,0
EDQE,1
EDQM,1
EDQP,0
EDQT,0
EDRK,0
EDRT,1
EDRY,0
EDRZ,1
EDTB,1
EDTD,0
EDTF,0
EDTK,1
EDTM,0
EDTY,0
EDUS,0
EDVE,0
EDVK,0
EDVM,1
EDWB,1
EDWD,0
EDWE,1
EDWF,1
EDWI,0
EDWR,1
EDWY,1
EDXF,1
EDXR,1
EDXW,1
EEEI,0
EEKA,1
EEKE,1
EEPU,0
EETN,1
EETU,1
EFET,1
EFEU,1
EFHA,0
EFHF,1
EFHK,1
EFHM,1
EFHN,1
EFHV,1
EFIK,1
EFIM,1
EFIT,1
EFIV,1
EFJO,1
EFJY,1
EFKA,1
EFKE,1
EFKI,1
EFKJ,1
EFKK,1
EFKM,1
EFKS,1
EFKT,1
EFKU,1
EFLA,1
EFLP,1
EFMA,1
EFME,0
EFMI,1
EFNU,1
EFOU,1
EFPI,1
EFPO,1
EFPU,0
EFPY,0
EFRH,0
EFRN,1
EFRO,1
EFRY,1
EFSA,1
EFSE,1
EFSO,1
EFTP,1
EFTS,0
EFTU,1
EFUT,1
EFVA,1
EFVR,1
EFYL,0
EGAA,1
EGAB,0
EGAC,1
EGAE,1
EGBB,1
EGBE,0
EGBG,0
EGBJ,0
EGBN,1
EGBO,0
EGBP,0
EGBT,0
EGCC,1
EGCD,1
EGCF,1
EGDC,1
EGDG,0
EGDL,1
EGDM,1
EGDR,1
EGDX,1
EGDY,1
EGFE,1
EGFF,1
EGFH,0
EGGD,1
EGGP,1
EGGW,1
EGHD,0
EGHH,1
EGHI,1
EGHL,1
EGJB,1
EGJJ,1
EGKA,1
EGKB,1
EGKK,1
EGLC,1
EGLF,1
EGLJ,1
EGLK,1
EGLL,1
EGMC,1
EGMD,0
EGMH,1
EGNB,0
EGNC,0
EGNH,1
EGNJ,1
EGNL,1
EGNM,1
EGNO,0
EGNR,1
EGNS,1
EGNT,1
EGNV,1
EGNX,1
EGOD,0
EGOE,0
EGOQ,1
EGOS,1
EGOV,1
EGOW,0
EGOY,1
EGPA,1
EGPB,1
EGPC,1
EGPD,1
EGPE,1
EGPF,1
EGPH,1
EGPI,1
EGPK,1
EGPL,1
EGPM,1
EGPN,0
EGPO,1
EGPU,1
EGQL,1
EGQS,1
EGRR,0
EGSC,0
EGSF,0
EGSH,1
EGSS,1
EGSX,1
EGSY,0
EGTC,0
EGTD,0
EGTE,1
EGTG,1
EGTH,0
EGTK,0
EGUB,1
EGUL,1
EGUN,1
EGUW,1
EGUY,0
EGVA,1
EGVN,1
EGVO,1
EGWC,0
EGWU,1
EGXC,1
EGXD,1
EGXE,1
EGXG,1
EGXH,0
EGXJ,0
EGXP,1
EGXT,1
EGXU,1
EGXW,1
EGXZ,1
EGYC,0
EGYD,1
EGYE,0
EGYM,1
EGYP,1
EHAM,1
EHBD,1
EHBK,1
EHDL,1
EHDR,1
EHEH,1
EHGG,1
EHGR,1
EHKD,1
EHLE,1
EHLW,1
EHRD,1
EHSB,0
EHTW,1
EHVB,0
EHWO,1
EICK,1
EICM,0
EIDL,0
EIDW,1
EIKN,1
EIKY,0
EIME,1
EINN,1
EISG,0
EIWF,0
EKAH,1
EKBI,1
EKCH,1
EKEB,1
EKGH,0
EKHO,0
EKKA,1
EKLS,0
EKMB,0
EKOD,1
EKPB,1
EKRK,1
EKRN,1
EKSB,1
EKSN,0
EKSP,1
EKSV,0
EKTS,0
EKVA,0
EKVD,0
EKVG,1
EKVH,1
EKVJ,0
EKVL,0
EKYT,1
ELLX,1
ENAL,1
ENAN,1
ENAT,1
ENBL,1
ENBM,0
ENBN,1
ENBO,1
ENBR,1
ENBS,1
ENCN,1
ENDI,0
ENDU,1
ENEV,1
ENFB,1
ENFG,0
ENFL,1
ENGM,1
ENHA,1
ENHD,1
ENHK,1
ENKB,1
ENKJ,0
ENKR,1
ENLI,0
ENML,1
ENMS,1
ENNA,1
ENNO,1
ENOL,1
ENRO,1
ENRY,1
ENSB,1
ENSG,1
ENSN,1
ENSO,1
ENSR,1
ENSS,1
ENST,1
ENTC,1
ENTO,1
ENVA,1
ENZV,1
EPGD,1
EPKK,1
EPKM,0
EPKO,1
EPKT,1
EPLL,1
EPML,1
EPPO,1
EPRZ,1
EPSC,1
EPSD,1
EPSK,0
EPSN,0
EPWA,1
EPWR,1
EPZG,1
ESCF,1
ESCK,1
ESCM,0
ESCN,1
ESDB,0
ESDF,1
ESFH,1
ESFI,1
ESFM,1
ESFQ,1
ESFR,1
ESFY,1
ESGG,1
ESGJ,1
ESGK,1
ESGL,1
ESGP,1
ESGR,1
ESGT,0
ESIA,0
ESIB,1
ESKA,0
ESKB,0
ESKK,1
ESKM,0
ESKN,1
ESKS,0
ESKV,0
ESKX,1
ESMA,1
ESMG,0
ESMK,1
ESML,1
ESMO,0
ESMP,0
ESMQ,1
ESMS,1
ESMT,1
ESMV,0
ESMX,1
ESNA,1
ESNC,0
ESND,0
ESNF,0
ESNG,1
ESNH,0
ESNI,1
ESNJ,0
ESNK,1
ESNL,1
ESNM,0
ESNN,1
ESNO,1
ESNP,1
ESNQ,1
ESNR,0
ESNS,1
ESNT,1
ESNU,1
ESNV,0
ESNX,1
ESOE,1
ESOH,0
ESOW,1
ESPA,1
ESPC,1
ESPE,0
ESPJ,1
ESQO,0
ESSA,1
ESSB,1
ESSD,1
ESSF,1
ESSK,0
ESSL,1
ESSP,1
ESST,0
ESSU,0
ESSV,1
ESUA,0
ESUD,1
ESUE,0
ESUF,1
ESUK,1
ESUT,1
ETAD,1
ETAR,1
ETEJ,1
ETEK,1
ETEU,0
ETHB,1
ETHC,1
ETHE,0
ETHF,0
ETHI,0
ETHL,1
ETHM,0
ETHN,0
ETHR,0
ETHS,0
ETHT,0
ETIC,1
ETID,0
ETIE,1
ETIH,1
ETIN,0
ETME,0
ETMN,1
ETND,0
ETNG,0
ETNH,1
ETNJ,0
ETNL,1
ETNN,1
ETNP,0
ETNR,0
ETNS,1
ETNT,1
ETNU,1
ETNW,1
ETOI,1
ETOR,0
ETOU,1
ETSA,1
ETSB,1
ETSE,0
ETSF,0
ETSH,1
ETSI,1
ETSL,1
ETSM,0
ETSN,1
ETUL,0
ETUO,1
ETUR,0
FAAB,0
FAAG,0
FAAP,0
FABB,0
FABE,1
FABL,1
FABM,1
FABO,0
FACR,0
FACT,1
FACV,1
FADA,0
FADB,1
FADD,0
FADN,1
FAEL,1
FAEO,1
FAER,1
FAFB,0
FAGC,1
FAGG,1
FAGI,0
FAGM,0
FAGT,0
FAGY,1
FAHA,0
FAHE,0
FAHG,0
FAHO,0
FAHR,0
FAHS,0
FAHV,0
FAJS,1
FAKD,0
FAKG,0
FAKL,0
FAKM,1
FAKP,0
FAKR,1
FAKS,1
FAKU,1
FAKZ,0
FALA,1
FALB,0
FALI,0
FALT,0
FALW,1
FALY,0
FAMB,0
FAMG,1
FAMI,1
FAMJ,0
FAMK,0
FAMM,1
FAMN,0
FAMS,0
FAMU,0
FANC,1
FANS,0
FANY,0
FAOB,0
FAOH,0
FAPB,1
FAPE,1
FAPG,0
FAPH,0
FAPI,0
FAPJ,1
FAPM,0
FAPN,1
FAPP,1
FAPQ,0
FAPS,1
FAPY,0
FAQT,0
FARB,0
FARG,0
FARS,0
FASB,1
FASC,0
FASD,1
FASI,1
FASK,0
FASS,0
FASU,0
FASZ,0
FATF,0
FATH,1
FATN,0
FATP,1
FATT,1
FATZ,0
FAUL,0
FAUP,1
FAUT,1
FAVB,1
FAVG,0
FAVP,1
FAVR,1
FAVV,1
FAVY,1
FAWB,0
FAWI,1
FAWK,0
FAWM,0
FAWS,0
FAYP,0
FAZR,1
FBFT,1
FBJW,1
FBKE,1
FBMN,1
FBOR,0
FBSK,1
FBSP,1
FCBB,1
FCOI,1
FCOM,1
FCOO,0
FCOU,1
FCPA,1
FCPD,1
FCPP,1
FDMS,1
FEFF,1
FEFG,1
FEFI,0
FEFM,1
FEFN,1
FEFO,1
FEFR,1
FEFT,1
FEFY,0
FGBT,0
FGSL,1
FHAW,1
FIMP,1
FIMR,1
FJDG,1
FKKC,0
FKKD,1
FKKI,0
FKKL,0
FKKM,0
FKKN,1
FKKR,1
FKKU,0
FKKV,0
FKKY,0
FLKE,0
FLKL,0
FLLI,0
FLLS,1
FLMA,0
FLMF,0
FLMG,0
FLML,0
FLND,1
FLSO,0
FLZB,0
FMCH,1
FMCI,0
FMCN,0
FMCV,0
FMCZ,1
FMEE,1
FMEP,1
FMMI,1
FMMN,0
FMMS,1
FMMT,1
FMMV,0
FMNA,1
FMNC,0
FMND,0
FMNE,1
FMNH,1
FMNL,0
FMNM,1
FMNN,1
FMNQ,1
FMNR,0
FMNS,1
FMNV,0
FMNW,0
FMNZ,0
FMSD,1
FMSF,1
FMSG,1
FMSK,0
FMSM,1
FMSR,1
FMST,1
FNBC,0
FNBG,0
FNCA,0
FNCH,0
FNCX,0
FNCZ,0
FNGI,0
FNHU,0
FNKU,0
FNLB,0
FNLU,1
FNMA,0
FNME,0
FNMO,0
FNNG,0
FNPA,0
FNSA,0
FNSO,0
FNTO,0
FNUE,0
FNUG,0
FNXA,0
FOGO,0
FOGQ,0
FOGR,1
FOOB,0
FOOD,0
FOOG,1
FOOH,0
FOOK,1
FOOL,1
FOOM,0
FOON,0
FOOR,0
FOOT,0
FPPR,0
FPST,1
FQBR,1
FQCB,1
FQCH,1
FQES,0
FQIN,1
FQLC,1
FQLU,1
FQMA,1
FQMD,0
FQMP,0
FQMR,0
FQNC,0
FQNP,1
FQPB,1
FQQL,1
FQSG,0
FQTT,0
FQUG,0
FQVL,0
FSAL,1
FSDR,1
FSFA,0
FSIA,1
FSPP,1
FSSC,1
FTTA,1
FTTC,1
FTTD,1
FTTJ,1
FTTP,1
FTTY,1
FVBU,1
FVCP,1
FVCZ,1
FVFA,1
FVGR,0
FVHA,1
FVKB,1
FVMT,0
FVMU,0
FVMV,1
FVSH,0
FVTL,1
FVWN,0
FVZC,0
FWCL,1
FWKA,1
FWKG,0
FWMG,0
FWUU,1
FXMM,1
FXMU,1
FZAA,1
FZAB,1
FZAG,0
FZAI,0
FZAM,0
FZBO,0
FZCA,0
FZEA,1
FZFD,0
FZFK,1
FZFP,0
FZGA,0
FZIA,1
FZJH,0
FZKA,0
FZKJ,0
FZMA,1
FZNA,0
FZOA,0
FZQA,0
FZQM,0
FZRF,0
FZSA,0
FZTL,0
FZUA,0
FZWA,1
GABS,1
GAGO,1
GAKY,1
GAMB,1
GANR,1
GATB,1
GATS,1
GBYD,1
GCFV,1
GCHI,1
GCLA,1
GCLP,1
GCRR,1
GCTS,1
GCXO,1
GEML,1
GFHA,0
GFLL,0
GGCF,0
GGOV,1
GLMR,0
GLRB,1
GMAA,0
GMAT,1
GMFF,1
GMFI,0
GMFK,1
GMFM,1
GMFN,1
GMFO,1
GMMC,1
GMME,1
GMMF,1
GMMI,1
GMMN,1
GMMX,1
GMMY,0
GMMZ,1
GMTA,1
GMTN,1
GMTT,1
GOGG,1
GOGK,1
GOGS,1
GOOK,1
GOOY,1
GOSS,1
GOTB,0
GOTK,1
GOTT,1
GQNA,1
GQND,1
GQNF,1
GQNI,1
GQNK,1
GQNN,1
GQNS,0
GQPA,1
GQPP,1
GQPT,1
GUFA,0
GUFH,0
GULB,0
GUMA,0
GUNZ,0
GVAC,1
GVBA,1
GVFM,0
GVMA,1
GVSN,0
GVSV,0
HAAB,1
HAAL,1
HABD,1
HADR,1
HAGM,0
HAGN,1
HAHM,1
HAJM,1
HALL,1
HAMK,1
HBBA,0
HCMB,0
HCMH,0
HCMI,0
HCMK,0
HCMM,0
HEAR,1
HEAT,1
HEAX,1
HEBL,1
HECA,1
HECW,1
HEEM,1
HEGN,1
HEGR,1
HELX,1
HEMM,1
HEPS,1
HESC,0
HESN,1
HETR,1
HKEL,1
HKGA,1
HKIS,0
HKKG,0
HKKI,1
HKKT,1
HKLK,0
HKLO,1
HKLU,1
HKLY,0
HKMA,0
HKMB,0
HKMK,1
HKML,0
HKMO,1
HKMY,1
HKNI,0
HKNV,1
HKNW,1
HKNY,0
HKRE,1
HKWJ,1
HLFL,0
HLGL,0
HLGT,0
HLKF,1
HLLB,1
HLLQ,0
HLLS,1
HLLT,1
HLMB,0
HLNF,0
HLON,0
HLRA,0
HLTD,0
HLZA,0
HRYG,0
HRYR,1
HRZA,0
HSDN,1
HSDZ,0
HSFS,0
HSKA,1
HSNL,1
HSOB,1
HSSJ,0
HSSM,0
HSSP,1
HSSS,1
HSWW,0
HTAR,0
HTDA,1
HTDO,1
HTIR,1
HTKJ,1
HTLM,0
HTMD,0
HTMS,0
HTMT,1
HTMW,1
HTNG,0
HTPE,0
HTTG,0
HTZA,1
HUEN,1
HUGU,0
HUSO,0
ICAO_Code,0
KABI,1
KACK,1
KACT,1
KACY,1
KADM,1
KADW,1
KAEX,1
KAGS,1
KAKR,1
KALB,1
KALI,1
KAMA,1
KANB,1
KAND,1
KAOO,1
KAPG,0
KARA,1
KART,1
KATL,1
KAUG,1
KAUS,1
KBAB,1
KBAD,1
KBCT,1
KBDE,1
KBDL,1
KBDR,1
KBED,1
KBFI,1
KBFL,1
KBFM,1
KBGR,1
KBHM,1
KBIF,0
KBIX,1
KBKF,1
KBLI,1
KBLV,1
KBNA,1
KBOI,1
KBOS,1
KBPT,1
KBRO,1
KBTR,1
KBTV,1
KBUF,1
KBUR,1
KBWI,1
KBYH,0
KBYS,1
KCAE,1
KCAR,1
KCBM,1
KCDC,1
KCDS,1
KCEF,1
KCEW,1
KCFD,0
KCHA,1
KCHS,1
KCIC,1
KCLE,1
KCLL,1
KCLT,1
KCMH,1
KCNM,1
KCNW,0
KCOF,1
KCOS,1
KCOT,1
KCOU,1
KCPR,1
KCRP,1
KCTB,1
KCVG,1
KCVS,1
KCXL,0
KCXO,1
KCYS,1
KDAL,1
KDAY,1
KDCA,1
KDEN,1
KDET,1
KDFW,1
KDHN,1
KDHT,1
KDLF,1
KDLH,1
KDMA,1
KDOV,1
KDPA,1
KDRI,1
KDRO,1
KDRT,1
KDSM,1
KDTW,1
KDUG,1
KDYS,1
KECG,1
KEDW,1
KEFD,1
KEGP,0
KEKN,1
KELD,1
KELP,1
KEND,1
KENV,0
KESF,1
KEWN,1
KEWR,1
KEYW,1
KFAF,1
KFAT,1
KFCS,1
KFFO,1
KFHU,1
KFLL,1
KFLO,1
KFLV,0
KFME,1
KFMH,1
KFMN,1
KFMY,1
KFOD,1
KFOE,1
KFOK,1
KFRI,1
KFSI,1
KFSM,1
KFTK,1
KFTW,1
KFXE,1
KFYV,1
KGAG,1
KGCK,1
KGEG,1
KGFK,1
KGGG,1
KGLS,1
KGNT,1
KGNV,1
KGRB,1
KGRF,1
KGRK,1
KGRR,1
KGSB,1
KGTB,1
KGTF,1
KGUS,1
KGVT,1
KGVW,0
KGWO,1
KHBR,1
KHFD,1
KHHR,1
KHIB,1
KHIF,1
KHKY,1
KHLN,1
KHLR,0
KHMN,1
KHOB,1
KHON,1
KHOP,1
KHOU,1
KHPN,1
KHRL,1
KHRO,1
KHRT,1
KHST,1
KHTL,1
KHUA,0
KHUF,1
KHUL,1
KHVR,1
KHWO,1
KIAB,1
KIAD,1
KIAG,1
KIAH,1
KICT,1
KIKK,1
KIKR,0
KILG,1
KILM,1
KIND,1
KINK,1
KINL,1
KINS,1
KINT,1
KIPL,1
KIPT,1
KISN,1
KISP,1
KJAN,1
KJAX,1
KJBR,1
KJFK,1
KLAN,1
KLAS,1
KLAX,1
KLBB,1
KLCH,1
KLCK,1
KLFI,0
KLFK,1
KLFT,1
KLGA,1
KLGB,1
KLHW,1
KLIT,1
KLNA,1
KLNK,1
KLOU,1
KLRD,1
KLRF,1
KLSF,1
KLSV,1
KLTS,1
KLUF,1
KLUK,1
KMAF,1
KMCC,1
KMCF,1
KMCI,1
KMCN,1
KMCO,1
KMDT,1
KMDW,1
KMEM,1
KMER,1
KMFE,1
KMGE,1
KMHR,1
KMIA,1
KMIB,1
KMIV,1
KMKE,1
KMKL,1
KMKO,1
KMLB,1
KMLC,1
KMLT,1
KMLU,1
KMMV,1
KMNM,1
KMOB,1
KMOD,1
KMOT,1
KMPV,1
KMQT,0
KMSN,1
KMSP,1
KMSS,1
KMSY,1
KMTC,1
KMUI,1
KMUO,1
KMWH,1
KMWL,1
KMXF,1
KMYR,1
KNBC,1
KNBG,1
KNCA,1
KNEL,1
KNFL,1
KNGU,1
KNHK,1
KNID,1
KNIP,1
KNJK,1
KNKT,1
KNKX,1
KNLC,1
KNMM,1
KNOW,0
KNPA,1
KNQA,1
KNQI,1
KNQX,1
KNSE,1
KNTD,1
KNTK,0
KNTU,1
KNUQ,1
KNUW,1
KNXP,1
KNXX,0
KNYG,1
KNZC,0
KNZY,1
KOAK,1
KOFF,1
KOGS,0
KOKC,1
KOLS,1
KOMA,1
KONT,1
KOPF,1
KORD,1
KORF,1
KORL,1
KOSC,1
KPAE,1
KPAM,1
KPBF,1
KPBG,1
KPBI,1
KPDX,1
KPHF,1
KPHL,1
KPHN,1
KPHX,1
KPIE,1
KPIT,1
KPMB,1
KPMD,1
KPNC,1
KPNE,1
KPNM,1
KPNS,1
KPOB,1
KPOE,1
KPQI,1
KPRC,1
KPSP,1
KPSX,1
KPUB,1
KPVD,1
KPWM,1
KRAL,1
KRBM,0
KRCA,1
KRDR,1
KRDU,1
KRIC,1
KRIU,0
KRIV,1
KRME,1
KRND,1
KRNO,1
KROC,1
KROW,1
KRSW,1
KSAC,1
KSAF,1
KSAN,1
KSAT,1
KSAV,1
KSAW,1
KSBO,1
KSBY,1
KSCK,1
KSEA,1
KSEM,0
KSFF,1
KSFO,1
KSFZ,1
KSHV,1
KSJC,1
KSJT,1
KSKA,1
KSKF,1
KSKY,0
KSLC,1
KSMF,1
KSNA,1
KSPB,1
KSPG,1
KSPS,1
KSSC,1
KSTL,1
KSUU,1
KSUX,1
KSVN,1
KSWF,1
KSYR,1
KSZL,1
KTBN,1
KTCC,1
KTCM,1
KTCS,1
KTEB,1
KTIK,1
KTLH,1
KTMB,1
KTNT,1
KTNX,0
KTPA,1
KTTN,1
KTUL,1
KTUS,1
KTXK,1
KTYR,1
KTYS,1
KUGN,1
KVAD,1
KVBG,1
KVCV,1
KVPS,1
KVRB,1
KWAL,1
KWRB,1
KWRI,1
KWSD,0
KWWD,1
KYIP,1
KYNG,1
KYUM,0
KZUN,0
LATI,1
LBBG,1
LBGO,1
LBPD,1
LBSF,1
LBSZ,0
LBWN,1
LCLK,1
LCPH,1
LCRA,1
LDDU,1
LDOC,1
LDOS,1
LDPL,1
LDRG,0
LDRI,0
LDSP,1
LDVA,1
LDZA,1
LDZD,1
LDZU,0
LEAB,1
LEAL,1
LEAM,1
LEAS,1
LEBA,1
LEBB,1
LEBG,1
LEBL,1
LEBZ,1
LECO,1
LEGA,0
LEGE,1
LEGR,1
LEGT,0
LEIB,1
LEJR,1
LELC,1
LELN,1
LEMD,1
LEMG,1
LEMH,1
LEMM,0
LEMO,1
LEOC,0
LEPA,1
LEPP,1
LERI,0
LERS,1
LERT,1
LESA,1
LESB,1
LESJ,0
LESL,0
LESO,1
LEST,1
LESU,0
LETO,1
LEVC,1
LEVD,1
LEVS,1
LEVT,1
LEVX,1
LEXJ,1
LEZG,1
LEZL,1
LFAC,0
LFAG,0
LFAI,1
LFAO,0
LFAQ,1
LFAT,0
LFAV,0
LFAY,1
LFBA,1
LFBC,1
LFBD,1
LFBE,1
LFBF,1
LFBG,1
LFBI,1
LFBK,0
LFBL,1
LFBM,1
LFBN,0
LFBO,1
LFBP,1
LFBR,0
LFBT,1
LFBU,1
LFBV,0
LFBX,0
LFBZ,1
LFCC,0
LFCG,1
LFCH,1
LFCI,0
LFCK,0
LFCL,1
LFCM,0
LFCR,1
LFCU,1
LFCW,1
LFCY,1
LFCZ,0
LFDA,1
LFDB,1
LFDH,1
LFDI,1
LFDJ,1
LFDM,1
LFDN,1
LFEC,1
LFED,0
LFES,1
LFEY,1
LFFI,1
LFFN,1
LFGA,0
LFGF,1
LFGJ,1
LFGK,0
LFGW,1
LFHO,0
LFHP,1
LFHQ,1
LFHS,0
LFHV,1
LFHY,0
LFIG,0
LFIO,0
LFJL,1
LFKB,1
LFKC,1
LFKF,1
LFKJ,1
LFKO,1
LFKS,1
LFKT,1
LFLA,0
LFLB,1
LFLC,1
LFLD,1
LFLE,1
LFLH,1
LFLI,1
LFLL,1
LFLM,1
LFLN,1
LFLO,1
LFLP,1
LFLS,1
LFLT,0
LFLU,0
LFLV,1
LFLW,1
LFLX,1
LFLY,1
LFMA,0
LFMC,1
LFMD,1
LFMH,1
LFMI,1
LFMK,1
LFML,1
LFMN,1
LFMO,1
LFMP,1
LFMQ,1
LFMS,0
LFMT,1
LFMU,1
LFMV,1
LFMY,1
LFMZ,1
LFNB,0
LFNH,1
LFOA,1
LFOB,1
LFOC,1
LFOD,1
LFOE,1
LFOH,1
LFOI,1
LFOJ,1
LFOK,1
LFOP,1
LFOT,1
LFOU,0
LFOV,0
LFOZ,1
LFPB,1
LFPC,1
LFPG,1
LFPK,1
LFPM,1
LFPN,1
LFPO,1
LFPT,0
LFPV,1
LFPY,0
LFQA,0
LFQB,1
LFQC,1
LFQE,0
LFQF,1
LFQG,1
LFQI,1
LFQJ,1
LFQM,0
LFQP,1
LFQQ,1
LFQT,1
LFQV,0
LFQW,1
LFRA,0
LFRB,1
LFRC,1
LFRD,1
LFRE,1
LFRF,1
LFRG,1
LFRH,1
LFRI,1
LFRJ,1
LFRK,1
LFRL,1
LFRM,1
LFRN,1
LFRO,1
LFRQ,1
LFRS,1
LFRT,1
LFRU,0
LFRV,0
LFRZ,1
LFSB,1
LFSC,0
LFSD,1
LFSF,1
LFSG,0
LFSH,1
LFSI,1
LFSL,1
LFSM,0
LFSN,1
LFSO,1
LFSP,0
LFSR,1
LFST,1
LFSX,1
LFTF,0
LFTH,1
LFTW,1
LFVM,1
LFVP,1
LFXA,1
LFXI,0
LFYD,1
LFYG,0
LFYH,0
LFYL,0
LFYT,0
LGAD,1
LGAG,0
LGAL,1
LGAT,1
LGAX,1
LGBL,1
LGEL,1
LGHI,1
LGIO,1
LGIR,1
LGKA,1
LGKC,1
LGKF,1
LGKL,1
LGKM,1
LGKO,1
LGKP,1
LGKR,1
LGKS,0
LGKV,1
LGKZ,1
LGLE,0
LGLM,1
LGLR,1
LGMG,1
LGMK,1
LGMR,0
LGMT,1
LGPZ,1
LGRD,0
LGRP,1
LGRX,1
LGSA,1
LGSK,1
LGSM,1
LGSO,1
LGSP,1
LGSR,1
LGST,0
LGSV,1
LGSY,1
LGTG,0
LGTL,0
LGTP,1
LGTS,1
LGTT,0
LGZA,1
LHBP,1
LHDC,1
LHGD,0
LHKE,1
LHKV,0
LHNY,0
LHOY,0
LHPA,1
LHSA,0
LHSK,0
LHSM,1
LHSN,1
LHTA,0
LHTL,0
LIBA,0
LIBC,1
LIBD,1
LIBF,1
LIBG,1
LIBN,1
LIBP,1
LIBR,1
LIBV,1
LICA,1
LICC,1
LICD,1
LICG,1
LICJ,1
LICP,0
LICR,1
LICT,1
LICZ,1
LIEA,1
LIED,1
LIEE,1
LIEO,1
LIET,0
LIIB,0
LIMA,1
LIMB,1
LIMC,1
LIME,1
LIMF,1
LIMG,1
LIMJ,1
LIML,1
LIMN,0
LIMP,1
LIMS,1
LIMW,0
LIMZ,1
LIPA,0
LIPB,1
LIPC,1
LIPE,1
LIPH,1
LIPI,0
LIPK,1
LIPL,1
LIPN,0
LIPO,1
LIPQ,1
LIPR,1
LIPS,1
LIPT,0
LIPU,0
LIPX,1
LIPZ,1
LIQS,0
LIRA,1
LIRE,1
LIRF,1
LIRG,0
LIRI,1
LIRJ,0
LIRL,1
LIRM,1
LIRN,1
LIRP,1
LIRQ,1
LIRS,1
LIRU,1
LIRV,1
LIRZ,1
LJCE,1
LJLJ,1
LJMB,1
LJPZ,1
LJSG,0
LKCS,1
LKCT,1
LKCV,1
LKHK,1
LKKB,1
LKKU,0
LKKV,1
LKLN,1
LKMH,0
LKMT,1
LKNA,1
LKPD,1
LKPM,1
LKPO,1
LKPR,1
LKSO,1
LKTB,1
LKVO,0
LLBG,1
LLBS,0
LLEK,0
LLES,1
LLET,1
LLEY,0
LLHA,1
LLHS,0
LLIB,1
LLJR,0
LLLL,0
LLMG,1
LLMZ,0
LLNV,0
LLOV,1
LLRD,0
LLRM,0
LLSD,1
LMML,1
LMMM,0
LOAN,0
LOLW,0
LOWG,1
LOWI,1
LOWK,1
LOWL,1
LOWM,0
LOWS,1
LOWW,1
LOXG,0
LOXK,0
LOXL,0
LOXT,0
LOXZ,1
LPAR,0
LPAZ,1
LPBG,1
LPBJ,1
LPBR,1
LPCO,0
LPCS,0
LPCV,0
LPEV,1
LPFL,1
LPFR,1
LPGR,0
LPHR,1
LPIN,0
LPLA,1
LPMG,0
LPMR,1
LPMT,1
LPOV,1
LPPD,1
LPPI,0
LPPM,1
LPPR,1
LPPS,1
LPPT,1
LPSJ,1
LPST,0
LPTN,0
LPVR,1
LPVZ,0
LQBK,1
LQMO,1
LQSA,1
LRAR,1
LRBC,1
LRBM,1
LRBS,1
LRCK,1
LRCL,1
LRCS,1
LRCV,1
LRIA,1
LROD,1
LROP,1
LRSB,1
LRSM,1
LRSV,1
LRTC,1
LRTM,1
LRTR,1
LSAZ,0
LSGC,1
LSGG,1
LSGK,0
LSGS,1
LSMA,1
LSMC,0
LSMD,1
LSME,1
LSMF,1
LSMI,1
LSMJ,1
LSMM,1
LSMN,0
LSMP,1
LSMU,0
LSSW,0
LSZA,1
LSZB,1
LSZG,1
LSZH,1
LSZR,1
LSZS,1
LTAA,0
LTAB,0
LTAC,1
LTAD,0
LTAE,0
LTAF,1
LTAG,1
LTAH,0
LTAI,1
LTAJ,1
LTAK,1
LTAL,1
LTAN,1
LTAP,1
LTAQ,0
LTAR,1
LTAS,1
LTAT,1
LTAU,1
LTAV,0
LTAW,1
LTAX,1
LTAY,1
LTAZ,1
LTBA,1
LTBD,1
LTBE,1
LTBF,1
LTBG,1
LTBH,1
LTBI,1
LTBJ,1
LTBK,0
LTBL,0
LTBM,1
LTBN,0
LTBO,1
LTBP,0
LTBQ,0
LTBR,1
LTBS,1
LTBT,1
LTBU,1
LTBX,0
LTBY,1
LTCA,1
LTCC,1
LTCD,1
LTCE,1
LTCF,1
LTCG,1
LTCH,1
LTCI,1
LTCJ,1
LTCK,1
LTCL,1
LTCM,1
LTFA,0
LTFB,1
LUBL,0
LUKK,1
LWOH,1
LWSK,1
LXGB,1
LYBE,1
LYPG,1
LYPR,0
LYTV,1
LYVR,1
LZIB,1
LZKZ,1
LZMC,1
LZPP,1
LZSL,1
LZTN,0
LZTT,1
LZZI,1
MBNC,1
MBPV,1
MBSC,0
MDAB,1
MDBH,1
MDCR,1
MDCZ,0
MDHE,0
MDLR,1
MDPC,1
MDPP,1
MDSD,1
MDSI,1
MDST,1
MGBN,0
MGCB,1
MGGT,1
MGPB,1
MGPP,0
MGQZ,1
MGRT,1
MGSJ,1
MHIC,0
MHLC,1
MHLM,1
MHNJ,0
MHPL,1
MHRO,1
MHTE,1
MHTG,1
MHTJ,0
MKBS,1
MKJP,1
MKJS,1
MKKJ,1
MKTP,1
MMAA,1
MMAN,1
MMAS,1
MMBT,1
MMCB,1
MMCC,1
MMCE,1
MMCG,0
MMCH,0
MMCL,1
MMCM,1
MMCN,1
MMCP,1
MMCS,1
MMCU,1
MMCV,1
MMCY,1
MMCZ,1
MMDM,0
MMDO,1
MMEP,1
MMES,0
MMGL,1
MMGM,1
MMHC,0
MMHO,1
MMIA,1
MMIM,1
MMIO,1
MMIT,1
MMJA,1
MMLC,0
MMLM,1
MMLO,1
MMLP,1
MMLT,1
MMMA,1
MMMD,1
MMML,1
MMMM,1
MMMT,1
MMMV,1
MMMX,1
MMMY,1
MMMZ,1
MMNG,0
MMNL,1
MMOX,1
MMPA,1
MMPB,1
MMPC,1
MMPE,0
MMPG,1
MMPN,1
MMPR,1
MMPS,1
MMQT,1
MMRX,1
MMSD,1
MMSF,0
MMSP,1
MMTA,0
MMTC,1
MMTG,1
MMTJ,1
MMTM,1
MMTN,0
MMTO,1
MMTP,1
MMTX,1
MMUN,1
MMVA,1
MMVR,1
MMZC,1
MMZH,1
MMZM,0
MMZO,1
MMZP,0
MNBL,1
MNBR,1
MNLN,0
MNMG,1
MNPC,1
MPBO,1
MPCH,1
MPDA,1
MPHO,0
MPJE,0
MPLP,0
MPMG,1
MPSA,1
MPTO,1
MRBA,0
MRBC,0
MRCC,1
MRCV,0
MREC,1
MRFI,0
MRFS,0
MRGF,0
MRGP,1
MRLB,1
MRLC,0
MRLM,1
MRNS,0
MROC,1
MRPD,0
MRPM,0
MRPV,1
MRQP,0
MRSG,1
MRSV,0
MSLP,1
MSSS,1
MTCH,0
MTPP,1
MUBA,0
MUBY,0
MUCA,0
MUCB,0
MUCC,1
MUCF,1
MUCL,1
MUCM,1
MUCU,1
MUFL,0
MUGM,1
MUGT,0
MUHA,1
MUHG,1
MULM,0
MUMG,0
MUML,0
MUMO,0
MUMZ,0
MUNC,0
MUNG,0
MUPB,0
MUPR,1
MUSA,0
MUSC,1
MUSJ,0
MUSL,0
MUSN,0
MUSS,1
MUTD,0
MUVR,1
MUVT,0
MWCB,1
MWCR,1
MYAB,1
MYAF,0
MYAK,0
MYAM,0
MYAN,1
MYAP,0
MYAS,0
MYAT,0
MYBC,1
MYBG,1
MYBS,0
MYCA,0
MYCB,0
MYCI,0
MYEF,0
MYEH,0
MYEM,0
MYEN,0
MYER,0
MYES,0
MYGF,1
MYGW,0
MYIG,0
MYLD,0
MYLS,0
MYMM,0
MYNN,1
MYRD,0
MYSM,0
MZBZ,1
NCAI,0
NCRG,1
NFFN,1
NFNA,1
NFNL,0
NFTF,1
NFTL,1
NFTV,1
NGFU,1
NGTA,1
NGTE,0
NIUE,1
NLWW,1
NSFA,1
NSTU,1
NTAR,0
NTAT,1
NTGA,0
NTGB,0
NTGC,0
NTGE,0
NTGF,0
NTGI,0
NTGJ,0
NTGK,0
NTGM,0
NTGN,0
NTGP,0
NTGT,0
NTGU,0
NTGV,0
NTGY,0
NTKR,0
NTMD,0
NTMN,0
NTTB,1
NTTG,0
NTTH,0
NTTM,1
NTTO,1
NTTP,0
NTTR,0
NTTX,0
NVSS,1
NVVV,1
NWWD,0
NWWK,1
NWWL,1
NWWM,0
NWWR,1
NWWU,0
NWWV,1
NWWW,1
NZAA,1
NZAP,0
NZAR,1
NZCH,1
NZCI,0
NZDN,0
NZGS,0
NZGT,0
NZHK,0
NZHN,0
NZHS,0
NZKK,0
NZKT,0
NZLX,0
NZMC,0
NZMO,0
NZMS,1
NZNP,0
NZNS,0
NZNV,0
NZOH,0
NZOU,0
NZPM,0
NZPP,0
NZQN,0
NZRO,0
NZRU,0
NZSP,1
NZTG,1
NZTU,0
NZUK,0
NZWB,0
NZWD,1
NZWF,0
NZWG,1
NZWK,0
NZWN,1
NZWO,0
NZWP,0
NZWR,0
NZWS,0
NZWU,0
OAHR,1
OAJL,0
OAKB,1
OAKN,1
OAMN,0
OAMS,1
OASD,0
OASG,0
OATQ,0
OAUZ,1
OBBI,1
OBBS,1
OEAB,1
OEAH,1
OEBA,1
OEBH,1
OEBQ,1
OEDF,1
OEDR,1
OEGN,1
OEGS,1
OEGT,1
OEHL,1
OEJB,0
OEJF,0
OEJN,1
OEKK,1
OEMA,1
OENG,1
OEPA,1
OEPC,1
OEPF,0
OEPJ,0
OERB,0
OERF,1
OERK,1
OERM,0
OERR,1
OERT,1
OESH,1
OESK,1
OESL,0
OETB,1
OETF,1
OETH,0
OETN,0
OETR,1
OEWD,1
OEWJ,1
OEYN,1
OIAA,1
OIAD,1
OIAG,1
OIAH,1
OIAI,1
OIAJ,0
OIAM,1
OIAW,1
OIBA,1
OIBB,1
OIBH,0
OIBI,0
OIBK,1
OIBL,1
OIBQ,1
OIBS,1
OIBV,1
OICC,1
OICD,0
OICI,1
OICK,1
OICS,1
OIFE,1
OIFH,0
OIFM,1
OIFP,1
OIGG,1
OIHH,1
OIHR,1
OIID,1
OIIG,1
OIII,1
OIIK,1
OIIS,1
OIKB,1
OIKJ,1
OIKK,1
OIKM,1
OIKP,1
OIKQ,1
OIKR,0
OIKY,0
OIMB,1
OIMC,1
OIMJ,0
OIMN,1
OIMT,1
OIMX,0
OINE,0
OING,1
OINM,0
OINN,1
OINR,1
OINZ,1
OISD,0
OISF,1
OISJ,1
OISL,1
OISO,0
OISR,1
OISS,1
OITL,1
OITM,1
OITP,0
OITT,1
OITZ,1
OIYY,1
OIZB,1
OIZC,1
OIZH,1
OIZI,1
OIZJ,1
OJAI,1
OJAM,1
OJAQ,1
OJJR,0
OJMF,1
OKBK,1
OLBA,1
OLKA,1
OMAA,1
OMAD,1
OMAH,0
OMAJ,0
OMAL,1
OMAM,0
OMAR,1
OMAS,0
OMAZ,0
OMDB,1
OMFJ,1
OMRK,1
OMSJ,1
OOKB,0
OOMA,1
OOMS,1
OOSA,1
OOSQ,1
OOTH,1
OPBN,0
OPBW,1
OPCH,1
OPDB,0
OPDG,0
OPDI,0
OPFA,0
OPGD,0
OPGT,0
OPJA,0
OPJI,0
OPKC,1
OPKD,0
OPKH,0
OPKN,0
OPLA,1
OPLH,0
OPMA,0
OPMF,1
OPMI,0
OPMJ,1
OPMK,0
OPMN,0
OPMR,0
OPMT,1
OPNH,1
OPNK,0
OPOK,0
OPOR,0
OPPC,0
OPPG,1
OPPI,1
OPPS,1
OPQS,0
OPQT,0
OPRK,0
OPRN,1
OPRQ,0
OPRS,0
OPRT,0
OPSD,0
OPSK,1
OPSR,1
OPSS,1
OPSU,0
OPSW,0
OPTA,0
OPTH,0
OPTU,0
OPWN,0
OPZB,0
ORBS,0
ORMM,1
OSAP,1
OSDI,1
OSDZ,1
OSKL,1
OSLK,1
OSPR,1
OTBD,1
PAAQ,1
PABA,1
PABE,1
PABI,1
PABM,0
PABR,1
PABT,1
PACD,1
PACL,1
PACV,1
PACZ,1
PADK,1
PADL,1
PADQ,1
PADU,1
PAED,1
PAEH,1
PAEI,1
PAEN,1
PAFA,1
PAFB,0
PAFR,0
PAGA,1
PAGK,1
PAGY,1
PAHO,1
PAIL,1
PAIM,1
PAJN,1
PAKN,1
PAKT,1
PALU,1
PAMC,1
PAMD,1
PAMR,1
PANC,1
PANT,1
PAOM,1
PAOR,1
PAOT,1
PAPB,1
PAPM,0
PASC,1
PASI,1
PASN,1
PASV,1
PASY,1
PATA,1
PATC,1
PATK,1
PATL,0
PAUN,1
PAVD,1
PAWT,0
PAYA,1
PCIS,0
PFYU,1
PGRO,1
PGSN,1
PGTW,0
PGUA,1
PGUM,1
PGWT,1
PHBK,1
PHDH,1
PHHI,1
PHHN,0
PHJH,1
PHKO,1
PHLI,1
PHMK,1
PHMU,0
PHNG,1
PHNL,1
PHNY,1
PHOG,1
PHSF,0
PHTO,1
PHUP,0
PJON,0
PKMA,0
PKMJ,1
PKRO,1
PKWA,1
PLCH,1
PMDY,1
POLI,0
PPIZ,1
PTKK,1
PTPN,1
PTRO,1
PTSA,0
PTYA,1
RCBS,0
RCDC,0
RCDI,0
RCFN,0
RCGI,0
RCGM,0
RCKH,1
RCKU,0
RCLG,0
RCLY,0
RCMQ,0
RCMT,0
RCNN,0
RCPO,0
RCQC,0
RCQS,0
RCRA,0
RCSQ,0
RCSS,1
RCTP,1
RCWA,0
RCYU,0
RJAA,1
RJAF,1
RJAH,1
RJAM,1
RJAW,1
RJBD,1
RJBK,1
RJCB,1
RJCC,1
RJCH,1
RJCJ,0
RJCM,1
RJCN,1
RJCO,1
RJCT,0
RJCW,1
RJDB,0
RJDC,1
RJDT,1
RJEB,1
RJEC,1
RJER,0
RJFA,0
RJFC,0
RJFE,1
RJFF,1
RJFG,1
RJFK,1
RJFM,1
RJFN,0
RJFO,1
RJFR,1
RJFT,1
RJFU,1
RJFY,1
RJFZ,0
RJKA,1
RJKB,0
RJKN,0
RJNF,0
RJNG,1
RJNH,0
RJNK,1
RJNN,0
RJNO,0
RJNT,1
RJNY,1
RJOA,1
RJOB,1
RJOC,1
RJOF,1
RJOH,1
RJOI,1
RJOK,1
RJOM,1
RJOO,1
RJOR,1
RJOS,0
RJOT,1
RJOY,1
RJOZ,1
RJSA,1
RJSC,1
RJSH,1
RJSI,1
RJSK,1
RJSM,0
RJSS,1
RJST,0
RJSY,1
RJTA,0
RJTE,0
RJTF,1
RJTH,1
RJTJ,0
RJTK,0
RJTL,0
RJTO,1
RJTQ,0
RJTR,0
RJTT,1
RJTY,1
RKJJ,0
RKJK,1
RKJM,0
RKJU,0
RKJY,0
RKNC,1
RKND,0
RKNN,0
RKNW,1
RKNY,1
RKPC,1
RKPE,0
RKPK,1
RKPP,1
RKPS,0
RKPU,1
RKSG,1
RKSM,1
RKSO,1
RKSS,1
RKSW,0
RKTH,0
RKTJ,0
RKTN,1
RKTU,1
RKTY,0
ROAH,1
RODE,0
RODN,1
ROIG,1
ROKJ,0
ROMD,1
ROMY,1
RORK,0
RORS,1
RORY,0
ROTM,0
ROYN,0
RPLL,1
RPMB,0
RPMC,0
RPML,0
RPMM,1
RPMP,1
RPMR,1
RPMS,1
RPMZ,1
RPUB,1
RPUD,1
RPUF,0
RPUG,0
RPUH,1
RPUI,1
RPUL,0
RPUM,0
RPUN,0
RPUO,0
RPUP,0
RPUQ,1
RPUS,0
RPUT,1
RPUV,1
RPUW,0
RPUY,0
RPUZ,0
RPVA,1
RPVB,0
RPVC,0
RPVD,1
RPVF,1
RPVG,1
RPVI,0
RPVK,0
RPVM,1
RPVO,0
RPVP,1
RPVR,1
RPVS,0
SAAC,1
SAAG,1
SAAI,1
SAAJ,1
SAAP,1
SAAR,1
SAAV,1
SABE,1
SACC,0
SACO,1
SACT,0
SADD,0
SADF,1
SADJ,0
SADL,1
SADM,0
SADP,0
SADS,1
SAHC,0
SAHR,1
SAME,1
SAMM,1
SAMQ,0
SAMR,1
SANC,1
SANE,1
SANI,0
SANL,1
SANO,0
SANT,1
SANU,1
SAOC,1
SAOD,1
SAOL,1
SAOM,1
SAOR,1
SAOU,1
SARC,1
SARE,1
SARF,1
SARI,1
SARL,1
SARM,1
SARP,1
SARS,0
SASA,1
SASJ,1
SASO,1
SASQ,1
SAST,1
SATG,0
SATK,1
SATM,0
SATO,0
SATR,0
SATU,0
SAVB,1
SAVC,1
SAVD,0
SAVE,1
SAVH,0
SAVT,1
SAVV,1
SAVY,0
SAWA,0
SAWB,0
SAWD,1
SAWE,1
SAWG,1
SAWH,1
SAWJ,1
SAWS,0
SAWT,0
SAWU,0
SAZB,1
SAZC,0
SAZD,1
SAZF,0
SAZG,1
SAZH,1
SAZI,0
SAZL,0
SAZM,1
SAZN,1
SAZO,0
SAZP,0
SAZR,1
SAZS,1
SAZT,1
SAZV,0
SAZW,1
SAZY,0
SBAA,1
SBAF,1
SBAM,0
SBAQ,0
SBAR,1
SBAS,0
SBAT,1
SBAU,0
SBAV,0
SBBE,1
SBBG,0
SBBH,1
SBBI,1
SBBQ,1
SBBR,1
SBBU,1
SBBV,1
SBBW,1
SBCA,1
SBCC,1
SBCF,1
SBCG,1
SBCH,1
SBCI,0
SBCM,1
SBCO,1
SBCP,1
SBCR,1
SBCT,1
SBCV,0
SBCX,0
SBCY,1
SBCZ,1
SBDN,1
SBEG,1
SBEK,0
SBES,1
SBFC,1
SBFI,1
SBFL,1
SBFN,1
SBFT,0
SBFU,0
SBFZ,1
SBGL,1
SBGM,1
SBGO,1
SBGR,1
SBGS,1
SBGW,1
SBHT,1
SBIC,0
SBIH,1
SBIL,1
SBIP,0
SBIT,0
SBIZ,1
SBJC,1
SBJF,1
SBJP,1
SBJV,1
SBKP,1
SBLJ,0
SBLN,0
SBLO,1
SBLP,1
SBLS,1
SBMA,1
SBMD,1
SBMG,1
SBMK,1
SBML,0
SBMN,1
SBMO,1
SBMQ,1
SBMS,1
SBMT,1
SBMY,1
SBNF,1
SBNM,0
SBNT,1
SBOI,1
SBPA,1
SBPB,1
SBPC,1
SBPF,1
SBPK,1
SBPL,1
SBPN,0
SBPP,1
SBPV,1
SBQV,1
SBRB,1
SBRF,1
SBRG,1
SBRJ,1
SBRP,1
SBSC,1
SBSJ,1
SBSL,1
SBSM,1
SBSP,1
SBSR,0
SBST,1
SBSV,1
SBTB,0
SBTE,1
SBTF,1
SBTK,1
SBTL,0
SBTS,0
SBTT,1
SBTU,1
SBUA,1
SBUF,1
SBUG,1
SBUL,1
SBUP,0
SBUR,1
SBVG,0
SBVH,1
SBVT,1
SBYA,0
SBYS,1
SCAC,0
SCAP,1
SCAR,1
SCBA,1
SCBQ,0
SCCC,0
SCCF,1
SCCH,1
SCCI,1
SCCY,1
SCDA,1
SCEL,1
SCFA,1
SCFM,0
SCGE,1
SCGZ,0
SCHA,0
SCIC,1
SCIE,1
SCIP,1
SCJO,1
SCLL,0
SCRG,0
SCRM,1
SCSE,1
SCSN,1
SCST,0
SCTB,1
SCTC,1
SCTE,1
SCTI,0
SCTN,0
SCVD,1
SEAM,0
SECM,0
SECO,0
SECU,0
SEGS,0
SEGU,1
SEGZ,0
SEIB,0
SELA,0
SELJ,0
SELM,1
SELT,1
SEMA,0
SEMC,0
SEMH,0
SEMO,0
SEMT,1
SEMX,0
SEMY,0
SEPD,0
SEPV,0
SEQU,1
SERB,0
SERO,0
SESA,0
SESD,0
SEST,0
SETA,0
SETE,1
SETR,0
SETU,0
SFAL,0
SGAS,1
SGAY,0
SGCO,1
SGFI,0
SGIB,1
SGME,1
SGPI,1
SKAR,1
SKAS,0
SKBC,0
SKBG,1
SKBO,1
SKBQ,1
SKBS,0
SKBU,0
SKCC,1
SKCD,1
SKCG,1
SKCL,1
SKCO,0
SKCZ,1
SKEJ,1
SKFL,0
SKGI,0
SKGO,0
SKGP,0
SKGY,0
SKIB,1
SKIP,1
SKLC,1
SKLM,1
SKLT,1
SKMD,1
SKMG,0
SKMR,1
SKMU,0
SKMZ,1
SKNV,1
SKOC,0
SKOT,0
SKPB,0
SKPC,1
SKPE,1
SKPI,0
SKPP,0
SKPS,1
SKPV,1
SKQU,0
SKRG,1
SKRH,1
SKSA,0
SKSJ,0
SKSM,1
SKSP,1
SKSV,0
SKTD,0
SKTM,0
SKTU,0
SKUC,1
SKUI,1
SKUL,0
SKVP,1
SKVV,1
SKYP,0
SLAP,0
SLAS,1
SLBJ,0
SLCA,1
SLCB,1
SLCH,0
SLCN,0
SLCO,1
SLCP,1
SLGY,0
SLJO,1
SLLP,1
SLMG,1
SLOR,1
SLPO,0
SLPS,1
SLRA,1
SLRB,1
SLRI,1
SLRQ,1
SLRY,1
SLSA,1
SLSB,1
SLSI,1
SLSM,1
SLSU,1
SLTI,1
SLTJ,1
SLTR,1
SLVR,1
SMJP,1
SMZO,1
SOCA,1
SOOG,1
SPAC,1
SPAS,1
SPAY,0
SPBB,0
SPBC,0
SPBR,1
SPCL,1
SPEO,0
SPEP,0
SPEQ,0
SPGM,0
SPHI,1
SPHO,1
SPHY,1
SPHZ,0
SPIM,1
SPJI,0
SPJJ,0
SPJL,1
SPJN,0
SPJR,1
SPLO,0
SPLP,0
SPME,1
SPMS,1
SPNC,1
SPOL,1
SPPY,0
SPQT,1
SPQU,1
SPRM,0
SPRU,1
SPSO,1
SPST,1
SPTN,1
SPTP,0
SPTU,1
SPUR,1
SPYL,1
SPZA,1
SPZO,1
SUAA,1
SUAG,1
SUCA,1
SUDU,1
SULS,1
SUMO,0
SUMU,1
SUPE,0
SUPU,0
SURV,0
SUSO,1
SUTB,0
SVAC,1
SVAN,0
SVAT,0
SVBC,1
SVBI,1
SVBL,0
SVBM,1
SVBS,1
SVCB,1
SVCD,0
SVCJ,0
SVCL,0
SVCN,1
SVCO,1
SVCP,0
SVCR,1
SVCS,0
SVCU,1
SVCZ,0
SVED,0
SVEZ,0
SVGD,1
SVGI,1
SVGU,1
SVHG,0
SVIE,1
SVJC,1
SVJM,1
SVLF,1
SVLO,0
SVMC,1
SVMD,1
SVMG,1
SVMI,1
SVMT,1
SVPA,1
SVPC,1
SVPM,1
SVPR,0
SVPT,1
SVSA,1
SVSB,0
SVSO,1
SVSP,1
SVSR,1
SVST,0
SVSZ,1
SVTC,0
SVTM,0
SVVA,1
SVVG,1
SVVL,1
SVVP,1
SYKM,0
SYLD,1
SYLT,0
TAPA,1
TBPB,1
TDCF,1
TDPD,1
TFFF,1
TFFG,1
TFFJ,0
TFFM,1
TFFR,1
TGPY,1
TIST,1
TISX,1
TJBQ,1
TJFA,1
TJIG,1
TJMZ,1
TJNR,1
TJPS,1
TJSJ,1
TKPK,1
TKPN,1
TLPC,1
TLPL,1
TNCA,1
TNCB,1
TNCC,1
TNCE,1
TNCM,1
TQPF,1
TRPM,0
TTCP,1
TTPP,1
TUPJ,1
TVSB,0
TVSC,1
TVSM,1
TVSV,1
UAAA,1
UAAH,0
UACC,1
UAFM,1
UAFO,1
UAII,1
UAKD,1
UARR,1
UASS,0
UATE,1
UATT,1
UAUU,1
UBBB,1
UEEA,0
UEEE,1
UERP,1
UGEE,0
UGGG,0
UGSS,0
UHBB,1
UHHH,1
UHMA,1
UHMD,1
UHMM,1
UHMP,0
UHPP,1
UHSH,1
UHSS,1
UHWW,1
UIAA,1
UIBB,1
UIII,1
UIUU,1
UKBB,1
UKCC,1
UKDD,1
UKFF,1
UKHH,1
UKKK,1
UKLL,1
UKLN,1
UKOO,1
ULLI,1
ULMM,1
UMGG,1
UMII,1
UMKK,1
UMMM,1
UMMS,1
UNAA,1
UNBB,1
UNEE,1
UNOO,1
URKK,1
URML,1
URMM,1
URMT,1
URRR,1
URSS,1
URWA,1
URWW,1
USCC,1
USCM,1
USDD,1
USNN,1
USPP,1
USRR,1
USSS,1
USTO,0
USUU,0
UTAA,1
UTAK,1
UTAV,1
UTDD,1
UTNN,1
UTSB,1
UTSS,1
UTST,1
UTTT,1
UUBP,0
UUEE,1
UUEM,1
UUOO,0
UUWW,1
UUYY,1
UWKD,1
UWOO,1
UWPP,1
UWUU,1
UWWW,1
VAAH,1
VAAK,0
VAAU,1
VABB,1
VABI,0
VABJ,1
VABM,1
VABO,1
VABP,1
VABV,0
VADN,0
VADS,0
VAGO,0
VAID,1
VAJB,1
VAJJ,0
VAJM,0
VAKE,0
VAKJ,0
VAKP,0
VAKS,0
VANP,1
VANR,0
VAPO,0
VAPR,0
VARK,1
VARP,0
VASL,1
VASU,0
VAUD,1
VCBI,1
VCCA,1
VCCB,1
VCCC,1
VCCG,0
VCCJ,0
VCCT,1
VCCW,0
VDBG,1
VDKH,0
VDPP,1
VDSR,1
VDST,0
VEAN,0
VEAT,1
VEAZ,0
VEBD,1
VEBG,0
VEBK,0
VEBS,1
VECC,1
VECO,0
VEDB,0
VEDZ,0
VEGK,1
VEGT,1
VEGY,1
VEHK,0
VEIM,1
VEJH,1
VEJP,0
VEJS,1
VEJT,0
VEKM,0
VEKR,0
VEKU,0
VELR,1
VEMN,1
VEMZ,1
VENP,0
VEPG,0
VEPH,0
VEPT,1
VEPU,0
VERC,1
VERK,0
VEUK,0
VEZO,0
VGCB,1
VGEG,1
VGIS,1
VGJR,1
VGRJ,1
VGSD,0
VGSY,1
VGTJ,1
VGZR,0
VHHH,1
VHSK,1
VIAG,1
VIAL,1
VIAR,1
VIBK,0
VIBL,0
VIBN,1
VIBR,0
VIBT,0
VIBW,0
VIBY,1
VICG,0
VICX,0
VIDD,1
VIDN,0
VIDP,1
VIGN,0
VIGR,1
VIHR,1
VIJN,0
VIJO,1
VIJP,1
VIJR,0
VIJU,1
VIKA,0
VIKO,1
VILD,0
VILH,0
VILK,1
VIPK,0
VIPL,0
VIPT,0
VIRB,0
VISM,0
VISP,1
VISR,0
VLHS,0
VLLB,1
VLPS,0
VLPV,0
VLSK,1
VLVT,1
VMMC,1
VNBW,0
VNCG,0
VNJP,0
VNKT,1
VNNG,0
VNPK,0
VNSI,0
VNVT,0
VOAT,0
VOBG,0
VOBR,0
VOBZ,0
VOCB,1
VOCL,1
VOCP,0
VOCX,0
VODG,1
VOHY,1
VOMD,0
VOML,1
VOMM,1
VONS,0
VOPB,0
VORY,0
VOSM,0
VOTJ,1
VOTP,0
VOTR,1
VOTV,1
VOTX,1
VOWA,0
VQPR,1
VRMM,1
VTBD,0
VTBK,0
VTBL,0
VTBU,1
VTBW,0
VTCB,0
VTCL,1
VTCP,1
VTPH,1
VTPI,0
VTPL,0
VTPM,1
VTPN,0
VTPP,1
VTPU,0
VTPY,0
VTSC,1
VTSG,1
VTSH,1
VTSK,0
VTSM,1
VTSN,1
VTSP,1
VTSR,0
VTSS,1
VTST,1
VTSY,0
VTUD,1
VTUI,1
VTUJ,0
VTUL,1
VTUN,1
VTUP,1
VTUW,1
VVDN,1
VVNB,1
VVNT,1
VVTS,1
VYBG,0
VYBM,0
VYCI,0
VYDW,0
VYHH,0
VYKG,0
VYKL,0
VYKP,0
VYKT,0
VYLK,0
VYLS,0
VYLY,0
VYMD,1
VYME,0
VYMK,0
VYMM,0
VYMO,0
VYMS,0
VYNP,0
VYNS,0
VYPA,0
VYPN,0
VYPT,0
VYPY,0
VYST,0
VYSW,1
VYTD,0
VYTL,0
VYTO,0
VYYY,1
WAAA,1
WAAL,1
WAAM,0
WAAS,0
WAAT,0
WAAU,1
WABB,1
WABI,1
WABP,0
WAJJ,1
WAJW,1
WAKK,1
WAMG,1
WAMH,1
WAML,1
WAMM,1
WAMP,1
WAMT,1
WAMW,1
WAPL,0
WAPP,1
WASK,1
WASR,0
WASS,1
WBGB,1
WBGG,1
WBGM,1
WBGR,1
WBGS,1
WBKD,1
WBKK,1
WBKL,1
WBKW,1
WBSB,1
WIAA,1
WIAM,0
WIAR,0
WIAS,0
WIBB,1
WIBD,0
WIIA,1
WIIB,1
WIIC,0
WIIH,0
WIII,1
WIIJ,0
WIIL,1
WIIP,0
WIIS,1
WIIT,1
WIKB,0
WIKD,1
WIKK,1
WIKN,1
WIKS,1
WIMB,1
WIME,0
WIMG,1
WIMM,1
WIMS,1
WIOG,0
WIOK,1
WION,0
WIOO,1
WIOP,0
WIOS,1
WIPA,1
WIPL,1
WIPP,1
WIPQ,0
WIPR,1
WIPU,0
WITL,0
WITM,1
WITT,1
WMAP,0
WMBT,0
WMKA,1
WMKB,1
WMKC,1
WMKD,1
WMKE,0
WMKF,0
WMKI,1
WMKJ,1
WMKK,1
WMKL,1
WMKM,1
WMKN,1
WMKP,1
WPDB,0
WPEC,0
WRBB,1
WRBC,0
WRBI,1
WRBP,1
WRBS,0
WRKC,1
WRKE,0
WRKG,0
WRKK,1
WRKO,0
WRLK,1
WRLL,1
WRLR,1
WRLS,1
WRLT,0
WRRA,1
WRRB,1
WRRR,1
WRRS,1
WRRT,0
WRRW,1
WRSJ,1
WRSQ,0
WSAG,1
WSAP,1
WSAT,0
WSSL,1
WSSS,1
YBAF,1
YBAM,1
YBAS,1
YBBN,1
YBCG,1
YBCS,1
YBCV,1
YBMA,1
YBMC,1
YBMK,1
YBOK,1
YBPN,1
YBRK,1
YBTL,1
YBWP,1
YMAV,1
YMAY,1
YMEN,1
YMES,1
YMHB,1
YMLT,1
YMMB,1
YMML,1
YMPC,0
YPAD,1
YPAG,1
YPED,1
YPJT,1
YPKA,0
YPKG,1
YPKU,1
YPLM,1
YPPD,1
YPPF,1
YPPH,1
YPWR,1
YPXM,1
YSBK,1
YSCB,1
YSCH,1
YSCN,1
YSDU,1
YSNF,1
YSRI,1
YSSY,1
YSTW,1
YSWG,1
ZBAA,1
ZBHH,1
ZBLA,0
ZBSJ,1
ZBTJ,1
ZBYN,1
ZGGG,1
ZGHA,1
ZGKL,1
ZGNN,1
ZGOW,1
ZGSZ,1
ZHCC,1
ZHHH,1
ZHYC,0
ZKPY,1
ZLLL,1
ZLXY,1
ZMUB,1
ZPJH,0
ZPPP,1
ZSAM,1
ZSCN,1
ZSFZ,1
ZSHC,1
ZSNB,1
ZSNJ,1
ZSOF,1
ZSQD,1
ZSSS,1
ZSYT,0
ZUCK,1
ZUUU,1
ZUXC,0
ZWSH,1
ZWTN,1
ZWWW,1
ZYHB,1
ZYJM,0
ZYMD,0
ZYTL,1
ZYYJ,0