Code,IATA_Found
1Z8,0
AAA,0
AAE,1
AAH,0
AAL,1
AAO,0
AAR,1
ABA,1
ABD,1
ABI,1
ABJ,1
ABM,0
ABQ,1
ABS,0
ABT,1
ABV,0
ABX,1
ABZ,1
ACA,1
ACC,1
ACE,1
ACH,0
ACK,1
ACT,1
ACY,1
ADA,1
ADB,0
ADD,1
ADH,1
ADJ,1
ADK,1
ADL,1
ADM,1
ADQ,1
ADW,1
ADX,1
ADZ,1
AEH,1
AEP,1
AER,1
AES,1
AEX,1
AEY,1
AFA,1
AFL,1
AFY,0
AGA,0
AGB,1
AGF,1
AGH,1
AGP,1
AGQ,1
AGR,0
AGS,1
AGU,1
AGV,1
AGX,0
AGZ,0
AHB,1
AHO,1
AHU,0
AIG,0
AIN,0
AIT,0
AJA,0
AJL,0
AJN,0
AJO,0
AJR,1
AJU,1
AJY,1
AKD,0
AKF,0
AKJ,1
AKL,1
AKN,1
AKR,0
AKT,1
AKX,1
AKY,0
ALA,0
ALB,1
ALC,1
ALF,1
ALG,1
ALI,1
ALJ,0
ALL,0
ALP,0
ALR,0
ALY,0
AMA,1
AMB,1
AMD,1
AMI,0
AMM,0
AMQ,1
AMS,1
ANB,1
ANC,1
AND,1
ANF,1
ANG,1
ANK,1
ANM,0
ANN,1
ANR,1
ANS,1
ANU,1
ANX,1
AOC,0
AOJ,1
AOK,1
AOL,1
AOO,1
AOR,1
APB,0
APG,0
APL,1
APW,1
AQA,1
AQI,0
AQJ,1
AQP,1
ARA,0
ARI,0
ARK,1
ARN,1
ART,1
ARU,0
ARW,1
ASB,1
ASD,1
ASF,1
ASJ,1
ASK,1
ASP,0
ASR,1
ASU,1
ASW,1
ATA,0
ATF,0
ATI,0
ATL,1
ATM,1
ATQ,1
ATR,1
AUA,0
AUC,1
AUF,0
AUG,0
AUH,1
AUR,1
AUS,0
AVB,0
AVI,0
AVN,1
AVV,1
AWZ,1
AXA,1
AXD,1
AXM,1
AXP,0
AXR,0
AXT,1
AYP,1
AYT,1
AZD,1
AZI,0
AZR,1
BAB,1
BAD,0
BAG,1
BAH,1
BAK,0
BAL,1
BAQ,0
BAU,1
BAX,0
BAY,0
BBA,1
BBI,0
BBJ,0
BBK,1
BBO,0
BBS,1
BBT,1
BBU,1
BBY,0
BCA,0
BCD,0
BCM,1
BCN,1
BCT,1
BDE,1
BDH,1
BDJ,0
BDL,1
BDM,1
BDN,1
BDO,0
BDQ,1
BDR,1
BDS,1
BDT,0
BDU,1
BEB,1
BED,0
BEF,1
BEG,0
BEL,1
BEN,0
BEQ,0
BES,0
BET,0
BEV,0
BEW,1
BEY,1
BFH,0
BFI,1
BFL,1
BFM,1
BFN,1
BFO,1
BFS,1
BFX,0
BGA,1
BGC,0
BGF,1
BGI,1
BGN,0
BGO,1
BGR,1
BGU,0
BGX,0
BGY,1
BHD,1
BHE,1
BHH,1
BHI,1
BHJ,0
BHK,1
BHM,1
BHO,0
BHU,0
BHX,1
BIA,0
BIF,0
BIG,1
BIK,0
BIM,1
BIO,0
BIQ,1
BIR,1
BIV,0
BIX,1
BJA,1
BJF,1
BJL,1
BJM,0
BJO,0
BJR,0
BJX,1
BJZ,1
BKF,1
BKH,1
BKI,0
BKK,0
BKO,1
BKS,0
BKY,0
BLA,0
BLE,0
BLI,0
BLK,1
BLL,1
BLQ,1
BLR,0
BLV,1
BLZ,1
BMA,1
BMK,1
BMM,0
BMU,0
BNA,1
BND,1
BNE,1
BNI,0
BNN,1
BNS,1
BOB,0
BOC,1
BOD,0
BOG,0
BOH,0
BOI,0
BOJ,1
BOM,1
BON,0
BOO,1
BOP,0
BOS,1
BOU,1
BOY,1
BPC,0
BPN,0
BPT,1
BPY,0
BQH,1
BQN,1
BQS,1
BRC,1
BRE,0
BRI,1
BRM,1
BRN,1
BRO,1
BRQ,1
BRS,1
BRU,1
BRV,1
BRW,1
BRX,1
BSB,1
BSC,0
BSF,0
BSG,0
BSK,0
BSR,1
BTH,0
BTI,1
BTJ,0
BTK,1
BTR,1
BTS,1
BTT,1
BTU,1
BTV,1
BTZ,0
BUD,1
BUF,1
BUG,1
BUN,1
BUQ,1
BUR,0
BUX,1
BUZ,0
BVA,1
BVB,1
BVC,1
BVE,0
BVH,1
BWA,0
BWE,0
BWF,0
BWI,1
BWN,1
BWU,0
BXE,0
BXO,0
BYH,0
BYK,0
BYM,1
BYS,1
BYU,0
BZE,1
BZI,1
BZK,0
BZO,1
BZR,1
BZV,1
BZZ,1
CAB,1
CAC,1
CAE,0
CAG,0
CAI,1
CAJ,0
CAM,1
CAN,0
CAP,1
CAR,1
CAS,1
CAV,1
CAW,0
CAX,0
CAY,1
CBB,1
CBG,0
CBL,1
CBM,1
CBN,0
CBQ,0
CBR,1
CBV,0
CCF,1
CCH,0
CCJ,1
CCP,1
CCS,1
CCU,1
CCZ,1
CDB,1
CDC,1
CDG,1
CDJ,1
CDP,0
CDS,1
CDU,0
CDV,1
CEB,0
CEF,1
CEG,0
CEK,0
CEN,1
CEP,0
CEQ,1
CER,1
CET,0
CEW,1
CFD,0
CFE,1
CFG,1
CFR,1
CFS,0
CFU,1
CGB,1
CGH,1
CGK,1
CGN,1
CGO,1
CGP,1
CGR,1
CGY,0
CHA,1
CHC,1
CHH,0
CHM,0
CHQ,1
CHR,1
CHS,1
CHT,0
CHX,0
CIA,1
CIC,1
CIJ,1
CIS,1
CIT,1
CIW,0
CIX,1
CJB,1
CJC,1
CJS,1
CJU,1
CKG,1
CLE,1
CLF,1
CLJ,1
CLL,1
CLN,0
CLO,1
CLQ,1
CLT,1
CLY,1
CMB,1
CME,1
CMF,1
CMG,1
CMH,1
CMN,1
CMR,0
CMW,1
CND,1
CNF,1
CNG,1
CNM,1
CNQ,1
CNS,1
CNW,0
COC,1
COF,1
COG,1
COH,0
COO,1
COR,1
COS,1
COT,1
COU,1
CPC,0
CPE,1
CPH,1
CPO,0
CPR,0
CPT,1
CQF,0
CRA,1
CRD,1
CRL,1
CRP,1
CRQ,0
CRV,1
CSB,0
CSF,1
CSK,1
CSX,1
CTA,1
CTB,1
CTC,1
CTG,1
CTL,1
CTM,1
CTS,1
CTT,1
CTU,1
CUC,1
CUE,0
CUF,1
CUL,1
CUM,0
CUN,1
CUP,0
CUR,1
CUU,1
CUZ,1
CVG,1
CVJ,1
CVM,1
CVS,1
CVT,0
CWB,1
CWL,1
CXB,0
CXI,1
CXJ,0
CXL,1
CXO,1
CXP,1
CYB,1
CYI,0
CYO,1
CYR,1
CYS,1
CZE,1
CZL,1
CZM,1
CZS,1
CZU,1
DAC,0
DAD,1
DAL,1
DAM,0
DAR,1
DAV,0
DAY,1
DBO,1
DBV,1
DCA,1
DCF,0
DCI,1
DCM,0
DEB,0
DED,0
DEL,1
DEN,0
DES,1
DET,1
DEZ,1
DFW,1
DGO,1
DGT,0
DHA,1
DHN,1
DHR,0
DHT,1
DIE,1
DIJ,1
DIR,1
DIS,0
DIY,0
DJB,0
DJE,1
DJG,1
DJJ,1
DJO,0
DKR,1
DLA,1
DLC,1
DLE,1
DLF,1
DLG,1
DLH,1
DLM,1
DMA,1
DMM,1
DNA,1
DND,0
DNK,1
DNR,1
DNZ,1
DOD,1
DOG,0
DOH,1
DOK,0
DOL,1
DOM,1
DOV,1
DPA,1
DPS,0
DRI,0
DRO,1
DRS,1
DRT,1
DSM,1
DTM,1
DTW,1
DUB,1
DUD,0
DUG,1
DUH,1
DUM,0
DUR,0
DUS,0
DUT,0
DXB,1
DYS,0
DYU,1
DZA,1
DZH,0
EAM,0
EAS,1
EBA,0
EBB,1
EBD,1
EBJ,1
EBM,1
EBU,1
ECG,1
EDF,1
EDI,1
EDL,1
EDM,1
EDW,1
EFD,1
EFL,1
EGC,1
EGP,0
EGS,1
EHL,1
EHM,1
EIL,1
EIN,1
EIS,1
EJA,0
EJH,1
EKN,1
ELD,1
ELF,1
ELG,1
ELH,1
ELL,1
ELP,1
ELQ,1
ELS,0
ELT,1
EMA,0
EME,0
EMN,1
EMX,0
ENA,1
ENC,1
END,0
ENE,1
ENF,1
ENK,0
ENS,0
ENU,1
ENV,0
EOH,1
EPL,1
EQS,1
ERC,1
ERF,1
ERH,1
ERZ,1
ESB,1
ESE,1
ESF,1
ESH,1
ESK,1
ESS,0
ETH,0
ETZ,0
EUX,1
EVE,1
EVG,0
EVN,1
EWN,1
EWR,1
EXT,1
EYW,1
EZS,1
FAA,0
FAB,0
FAE,1
FAF,0
FAI,0
FAJ,1
FAN,0
FAO,1
FAT,0
FAV,0
FBK,0
FBM,0
FBU,0
FCO,1
FCS,1
FDF,1
FDH,1
FDU,0
FEL,1
FEN,0
FEZ,1
FFD,0
FFO,1
FHU,1
FIG,1
FIH,1
FJR,1
FKI,0
FLA,1
FLL,1
FLN,1
FLO,1
FLR,1
FLV,1
FLW,1
FMA,1
FMH,1
FMI,0
FMN,1
FMO,1
FMY,1
FNA,0
FNI,1
FNJ,0
FOC,1
FOD,1
FOE,0
FOG,1
FOK,1
FOM,1
FOR,0
FPO,1
FRA,1
FRC,1
FRI,1
FRL,1
FRO,1
FRU,0
FRW,1
FSC,1
FSI,1
FSM,1
FSP,1
FTK,1
FTU,1
FTW,1
FTX,0
FUE,1
FUJ,1
FUK,1
FUN,1
FXE,1
FXO,0
FYT,1
FYU,1
FYV,1
FZO,0
GAE,0
GAF,1
GAG,1
GAJ,0
GAL,0
GAO,1
GAQ,0
GAS,1
GAY,1
GBE,0
GCI,1
GCJ,0
GCK,1
GCM,1
GDL,1
GDN,1
GDQ,0
GDX,1
GEA,1
GEG,0
GEL,0
GER,1
GEV,1
GFK,1
GGG,1
GGT,0
GHA,1
GHB,0
GHC,1
GHF,0
GHT,0
GHU,1
GIB,1
GIG,1
GIL,1
GIS,0
GIZ,1
GJA,0
GJL,0
GKA,0
GKE,0
GKN,1
GLA,1
GLF,0
GLO,0
GLS,1
GMA,0
GMB,0
GME,1
GMP,0
GMR,0
GNB,1
GND,1
GNI,0
GNS,0
GNT,1
GNV,1
GOA,1
GOH,0
GOI,0
GOM,1
GOT,1
GOU,0
GOY,0
GOZ,1
GPA,0
GPI,0
GPS,0
GRB,1
GRF,1
GRJ,1
GRK,0
GRO,1
GRQ,1
GRR,1
GRS,1
GRU,0
GRW,0
GRX,1
GRZ,1
GSB,1
GSE,1
GSF,0
GTB,1
GTF,1
GTN,0
GTO,0
GUA,1
GUI,1
GUM,0
GUQ,1
GUS,0
GUT,1
GVA,1
GVT,1
GVW,0
GVX,0
GWD,0
GWE,0
GWL,0
GWO,0
GWT,1
GWW,1
GWY,0
GXG,0
GXQ,1
GYA,1
GYE,1
GYI,0
GYM,1
GYN,1
GZT,1
HAA,1
HAC,0
HAD,0
HAH,1
HAJ,1
HAM,1
HAN,1
HAS,0
HAU,0
HAV,1
HBA,1
HBR,1
HBT,0
HCS,0
HDD,0
HDH,1
HDS,0
HDY,1
HEA,1
HEH,0
HEL,0
HEM,1
HER,0
HEW,0
HEX,0
HFA,1
HFD,0
HFE,1
HFN,0
HGA,0
HGH,0
HGO,0
HGS,0
HGU,0
HHN,1
HHQ,1
HHR,1
HIB,1
HIF,1
HIJ,0
HJR,0
HKD,1
HKG,1
HKK,0
HKT,1
HKY,1
HLA,1
HLD,0
HLF,0
HLN,1
HLP,0
HLR,0
HLZ,0
HME,1
HMN,1
HMO,1
HMR,1
HNA,1
HND,1
HNL,1
HNM,0
HOB,1
HOG,1
HOI,1
HOM,0
HON,0
HOP,1
HOQ,1
HOR,1
HOU,1
HOW,0
HPA,1
HPN,1
HRB,1
HRE,1
HRG,1
HRL,1
HRM,0
HRO,1
HRT,1
HST,1
HTA,1
HTF,0
HTL,1
HTN,0
HUA,1
HUE,1
HUF,1
HUH,0
HUL,1
HUN,1
HUV,0
HUX,1
HUY,1
HVA,0
HVR,1
HWO,1
HYD,1
HZK,1
IAB,1
IAD,1
IAG,1
IAH,1
IAM,1
IAS,1
IATA_Code,0
IBA,1
IBE,1
IBZ,1
ICT,1
IDR,0
IEG,1
IEO,0
IEV,1
IFJ,0
IGA,0
IGL,0
IGR,0
IGU,0
IKI,0
IKK,1
IKT,1
ILG,1
ILI,0
ILM,1
ILO,0
ILR,1
ILY,1
IMF,0
IMP,1
IND,1
ING,0
INH,1
INK,1
INL,1
INN,1
INS,1
INT,0
INV,1
INZ,1
IOA,1
IOM,1
ION,1
IOS,1
IPC,1
IPH,1
IPI,0
IPL,1
IPN,0
IPT,1
IQQ,1
IQT,1
IRD,0
IRI,0
IRJ,0
IRO,0
IRP,0
ISA,1
ISB,1
ISG,1
ISJ,1
ISK,0
ISN,1
ISP,1
IST,0
ITM,1
ITO,0
IVC,0
IVL,1
IWO,1
IXA,0
IXB,0
IXC,0
IXD,0
IXE,1
IXG,0
IXH,0
IXI,0
IXJ,1
IXK,0
IXL,1
IXM,0
IXP,0
IXR,0
IXS,0
IXT,0
IXU,0
IXW,1
IXY,0
IXZ,0
IZO,0
JAA,0
JAD,1
JAF,0
JAI,0
JAN,0
JAV,1
JAX,1
JBR,1
JDF,1
JED,1
JER,0
JFK,1
JGA,0
JHB,1
JHM,1
JIM,0
JJI,0
JKG,1
JKH,1
JLD,0
JLR,0
JMK,1
JNB,1
JNU,1
JOE,1
JOG,1
JOH,0
JOI,0
JON,0
JOS,0
JPA,1
JRH,0
JRO,1
JRS,0
JSA,0
JSH,1
JSI,1
JSM,0
JSR,0
JTR,1
JUB,0
JUJ,1
JUL,1
JWA,0
JYV,1
KAB,1
KAD,0
KAG,1
KAJ,1
KAN,0
KAO,1
KAR,0
KAT,0
KAU,0
KBL,1
KBP,1
KBR,1
KBY,0
KCH,1
KCZ,1
KDA,1
KDH,0
KDI,0
KED,0
KEF,0
KEJ,1
KEL,0
KEM,0
KER,1
KET,0
KEV,0
KFA,0
KGA,0
KGD,1
KGG,1
KGI,1
KGJ,0
KGL,1
KGS,1
KHG,1
KHH,1
KHI,1
KHN,0
KHS,0
KHV,1
KID,1
KIH,1
KIM,0
KIN,0
KIR,0
KIS,1
KIT,0
KIV,1
KIW,0
KKE,0
KKJ,1
KKN,1
KKR,0
KKW,0
KLC,1
KLD,0
KLH,0
KLO,1
KLR,1
KLU,1
KLV,1
KLX,1
KLZ,0
KME,0
KMG,1
KMI,1
KMJ,1
KMK,0
KMN,0
KMQ,1
KMU,0
KND,0
KNF,0
KNG,0
KNH,0
KNQ,0
KNU,0
KNX,1
KOA,1
KOC,1
KOE,0
KOI,1
KOJ,1
KOK,0
KOP,1
KPO,0
KRF,1
KRK,0
KRN,1
KRO,1
KRP,1
KRR,1
KRS,1
KRT,1
KRW,0
KSA,0
KSC,1
KSF,0
KSH,1
KSJ,1
KSK,1
KSL,0
KSO,0
KSU,1
KTA,0
KTD,0
KTE,0
KTG,0
KTL,1
KTM,1
KTN,1
KTP,0
KTQ,1
KTT,1
KTU,0
KTW,1
KUA,0
KUB,1
KUL,0
KUM,1
KUO,0
KUS,1
KUU,0
KVA,1
KVB,1
KWA,1
KWI,0
KWJ,0
KWL,1
KWZ,0
KYA,1
KYD,0
KYP,0
KYS,1
KZI,1
KZN,1
LAD,0
LAE,1
LAI,1
LAN,0
LAP,1
LAS,0
LAU,0
LAX,1
LAY,0
LAZ,1
LBA,1
LBB,1
LBC,1
LBG,1
LBI,0
LBJ,0
LBQ,0
LBU,1
LBV,1
LCA,1
LCC,1
LCD,0
LCE,1
LCG,1
LCH,1
LCK,1
LCL,0
LCY,1
LDB,1
LDE,1
LDK,1
LDU,1
LDY,0
LEA,0
LED,1
LEH,1
LEI,0
LEJ,0
LEK,0
LEM,0
LET,0
LEU,1
LFI,0
LFK,1
LFR,1
LFT,1
LFW,1
LGA,1
LGB,1
LGG,1
LGI,0
LGK,1
LGP,0
LGQ,0
LGS,1
LGW,1
LHE,1
LHR,1
LHW,1
LID,1
LIF,1
LIG,1
LIH,1
LIL,1
LIM,0
LIN,1
LIO,0
LIP,0
LIQ,0
LIR,0
LIS,1
LIT,0
LJU,1
LKL,1
LKO,1
LLA,1
LLI,1
LME,1
LMG,0
LMM,1
LMO,1
LMP,1
LNA,1
LNK,1
LNY,1
LNZ,1
LOE,1
LOK,0
LOO,1
LOS,0
LOU,0
LOV,0
LOY,1
LPA,1
LPB,1
LPG,1
LPI,1
LPL,1
LPP,1
LPQ,1
LPT,1
LPY,0
LRA,1
LRC,0
LRD,1
LRF,1
LRH,1
LRL,1
LRM,1
LRS,1
LRT,1
LSC,1
LSF,1
LSH,0
LSI,1
LSP,0
LSQ,1
LST,1
LSV,1
LTA,0
LTD,0
LTK,1
LTL,0
LTM,0
LTN,1
LTO,1
LTQ,0
LTS,1
LUF,1
LUG,1
LUH,1
LUK,1
LUN,0
LUO,1
LUQ,1
LUR,1
LUW,0
LUX,1
LVA,0
LVI,0
LWO,1
LWR,1
LXR,1
LXS,1
LYC,1
LYE,1
LYN,1
LYP,0
LYR,1
LYS,1
LYX,0
LZC,0
MAA,1
MAB,1
MAD,0
MAF,1
MAG,1
MAH,0
MAJ,1
MAK,1
MAM,0
MAN,1
MAO,0
MAR,1
MAT,0
MAU,0
MAZ,1
MBA,0
MBE,1
MBJ,1
MBO,0
MBW,0
MBX,1
MCA,0
MCC,1
MCF,1
MCG,1
MCH,0
MCI,1
MCN,1
MCO,1
MCP,1
MCT,1
MCU,0
MCX,1
MCY,1
MCZ,1
MDC,1
MDE,1
MDI,0
MDK,0
MDL,0
MDQ,1
MDT,1
MDW,1
MDY,1
MDZ,1
MEB,1
MEC,1
MED,1
MEE,0
MEG,1
MEK,1
MEL,0
MEM,0
MEN,0
MER,0
MES,1
MEX,1
MEZ,0
MFE,0
MFF,0
MFG,1
MFK,0
MFM,1
MFU,1
MGA,1
MGD,1
MGE,1
MGF,1
MGH,0
MGL,0
MGN,0
MGQ,0
MGZ,0
MHG,1
MHH,0
MHP,1
MHQ,1
MHR,1
MHZ,1
MIA,0
MIB,1
MID,1
MIK,1
MIR,1
MIU,0
MIV,0
MJC,0
MJD,1
MJF,1
MJM,1
MJN,1
MJT,1
MJV,1
MKE,1
MKJ,0
MKK,1
MKL,1
MKO,0
MKP,0
MKQ,0
MKU,0
MKW,0
MKY,1
MKZ,1
MLA,1
MLB,1
MLC,1
MLE,1
MLG,0
MLH,1
MLM,1
MLN,1
MLT,1
MLU,0
MLW,1
MLX,1
MLZ,0
MMB,1
MMC,0
MMD,0
MME,1
MMJ,1
MMK,1
MMO,1
MMV,1
MMX,1
MMY,1
MMZ,0
MNB,0
MNC,0
MNI,1
MNJ,0
MNL,1
MNM,1
MOA,0
MOB,0
MOC,1
MOD,0
MOF,0
MOG,0
MOH,0
MOL,0
MON,0
MOQ,0
MOT,0
MOZ,1
MPL,1
MPM,1
MPN,1
MPV,1
MQF,1
MQQ,1
MQS,1
MQT,1
MQX,0
MRD,1
MRI,1
MRO,1
MRS,1
MRU,1
MRV,1
MRX,1
MSE,0
MSH,0
MSJ,0
MSN,1
MSP,1
MSQ,1
MSS,1
MST,1
MSU,1
MSY,1
MTC,1
MTR,1
MTS,1
MTT,1
MTY,1
MUB,1
MUC,1
MUE,0
MUH,1
MUI,0
MUN,1
MUO,1
MUR,1
MUW,0
MUX,1
MVB,0
MVD,1
MVP,0
MVR,0
MVT,0
MVZ,1
MWH,1
MWL,1
MWZ,1
MXF,1
MXJ,0
MXL,1
MXM,0
MXN,0
MXP,1
MXX,0
MYD,0
MYG,0
MYJ,1
MYR,1
MYT,0
MYW,1
MYY,0
MZB,0
MZC,0
MZG,0
MZH,1
MZI,1
MZL,0
MZM,0
MZO,0
MZR,1
MZT,1
MZW,0
NAG,0
NAK,0
NAN,1
NAP,1
NAS,1
NAT,1
NAU,1
NAW,0
NBC,1
NBG,1
NBX,0
NCA,1
NCE,1
NCL,1
NCS,0
NCU,0
NCY,1
NDB,1
NDE,0
NDJ,1
NDL,0
NEL,0
NFL,1
NGB,1
NGE,0
NGF,1
NGO,0
NGS,1
NGU,0
NGV,0
NHA,0
NHK,1
NHT,1
NHV,0
NID,1
NIM,0
NIP,1
NIT,1
NIX,1
NJC,1
NJK,1
NKC,1
NKG,1
NKT,1
NKX,1
NLA,0
NLC,1
NLD,1
NLK,1
NLO,1
NLP,0
NMB,0
NMM,1
NNA,0
NNG,1
NOB,0
NOC,0
NOG,1
NOP,1
NOS,0
NOU,1
NOV,1
NOW,1
NPA,1
NPL,0
NQA,1
NQI,1
NQN,1
NQX,1
NQY,0
NRD,1
NRK,1
NRR,1
NRT,1
NSE,1
NSN,0
NST,0
NSY,1
NTD,1
NTE,1
NTK,0
NTR,1
NTU,0
NTY,1
NUE,1
NUQ,0
NUW,1
NVA,1
NVS,1
NVT,1
NWA,0
NWI,1
NXP,1
NXX,1
NYE,1
NYG,1
NYI,0
NYK,0
NYO,1
NZC,1
NZE,0
NZY,1
OAK,1
OAM,0
OAX,1
OBF,1
OBO,0
OBS,0
OCC,0
OCJ,0
OCV,0
ODB,1
ODE,0
ODH,1
ODS,1
OER,1
OFF,1
OGG,1
OGN,0
OGS,0
OGX,1
OHD,0
OIM,1
OIT,1
OKA,0
OKC,1
OKI,1
OKJ,1
OKN,0
OKO,1
OLA,1
OLB,1
OLI,1
OLS,0
OMA,0
OMB,0
OME,1
OMF,0
OMO,0
OMR,1
OMS,1
ONT,1
OOL,0
OPA,0
OPF,1
OPO,1
ORA,1
ORB,1
ORD,1
ORE,0
ORF,1
ORG,1
ORK,1
ORL,1
ORN,0
ORP,0
ORT,1
ORW,0
ORY,1
OSD,0
OSI,0
OSK,1
OSL,1
OSN,1
OSP,1
OSR,1
OSS,1
OST,1
OTP,1
OTR,1
OTU,0
OTZ,1
OUA,0
OUD,1
OUE,0
OUL,0
OUR,0
OVD,1
OXF,0
OYE,1
OYL,1
OZP,1
OZZ,1
PAB,0
PAC,1
PAD,0
PAE,0
PAM,0
PAN,0
PAP,1
PAQ,1
PAT,1
PAV,1
PAZ,0
PBC,1
PBD,0
PBF,1
PBG,1
PBH,1
PBI,1
PBL,1
PBM,0
PBN,0
PBU,0
PCA,1
PCB,0
PCL,1
PCP,0
PCR,1
PDG,0
PDL,1
PDP,1
PDS,1
PDU,0
PDV,1
PDX,1
PED,1
PEE,1
PEG,1
PEI,0
PEK,1
PEM,0
PEN,1
PER,0
PET,0
PEU,0
PEW,1
PEZ,0
PFB,1
PFJ,0
PFO,1
PGF,1
PGH,0
PGI,0
PGK,0
PGX,0
PHC,0
PHE,0
PHF,1
PHL,1
PHN,1
PHS,1
PHW,0
PHX,1
PIE,1
PIF,0
PIK,1
PIO,0
PIS,1
PIT,1
PIU,0
PIX,1
PIZ,0
PJG,0
PKC,1
PKN,0
PKO,0
PKP,0
PKR,0
PKU,1
PKW,1
PKY,0
PKZ,0
PLF,0
PLH,0
PLM,1
PLS,1
PLU,1
PLW,0
PLX,0
PLZ,1
PMA,0
PMC,1
PMD,1
PMF,1
PMG,1
PMI,1
PML,0
PMO,1
PMR,0
PMS,0
PMV,1
PMY,0
PMZ,0
PNA,1
PNB,0
PNC,1
PNE,1
PNH,1
PNI,1
PNK,1
PNL,1
PNM,1
PNQ,0
PNR,1
PNS,1
PNZ,1
POA,1
POB,1
POE,0
POG,1
POI,0
POL,1
POM,1
POO,1
POP,1
POR,1
POS,1
POT,0
POW,0
POX,0
POZ,1
PPB,1
PPE,0
PPG,1
PPN,0
PPP,1
PPQ,1
PPS,1
PQI,1
PRA,1
PRC,1
PRG,1
PRH,1
PRI,0
PRN,0
PRV,0
PRY,1
PSA,1
PSD,1
PSE,1
PSI,0
PSJ,0
PSO,1
PSP,1
PSR,1
PSS,1
PSX,1
PSZ,1
PTG,0
PTP,1
PTY,1
PUB,1
PUD,0
PUF,1
PUJ,1
PUQ,1
PUS,1
PUU,0
PUY,0
PUZ,1
PVA,1
PVD,1
PVH,1
PVK,1
PVO,1
PVR,1
PVS,1
PWM,1
PXM,1
PXO,1
PYH,1
PYR,1
PZB,0
PZH,0
PZO,0
PZU,0
PZY,0
QAS,0
QCY,0
QHD,0
QKT,0
QLA,1
QLT,0
QMJ,0
QNJ,0
QNX,0
QPA,0
QPG,1
QPS,0
QPZ,0
QRO,0
QSI,0
QUS,1
QVY,0
QXB,0
QYR,0
RAE,1
RAH,0
RAI,1
RAJ,0
RAK,1
RAL,0
RAO,1
RAR,0
RAS,0
RAZ,1
RBA,1
RBM,1
RBQ,1
RBR,1
RBT,0
RCA,1
RCB,0
RCH,1
RCM,1
RCO,1
RCU,1
RDR,1
RDU,1
RDZ,1
REA,1
REC,1
REG,0
REL,0
REN,0
REP,1
RES,1
REU,0
REX,1
RFP,0
RGA,1
RGH,0
RGI,0
RGL,1
RGN,1
RGT,0
RHE,0
RHO,1
RIB,1
RIC,1
RIG,1
RIS,0
RIU,0
RIV,1
RJA,0
RJH,0
RJK,0
RKE,1
RKT,1
RKV,1
RLG,1
RME,1
RMI,1
RML,0
RMS,1
RNB,1
RND,1
RNE,1
RNJ,0
RNN,1
RNO,0
RNS,1
ROB,1
ROC,0
ROK,1
ROP,1
ROR,1
ROS,1
ROT,1
ROV,1
ROW,1
RPN,1
RPR,0
RRG,1
RRK,0
RRS,1
RSA,1
RSD,0
RSU,0
RSW,1
RTB,1
RTG,0
RTM,1
RUH,1
RUN,0
RUR,0
RVA,0
RVE,0
RVN,1
RVY,0
RYK,1
RYN,0
RYO,1
RZA,0
RZE,1
RZR,1
SAC,0
SAF,1
SAL,1
SAN,1
SAP,1
SAQ,1
SAT,0
SAV,1
SAY,0
SBG,0
SBH,0
SBK,1
SBO,1
SBU,1
SBW,1
SBY,1
SBZ,1
SCC,1
SCK,1
SCL,1
SCN,1
SCQ,1
SCU,1
SCV,1
SCW,1
SDA,0
SDE,0
SDG,1
SDJ,1
SDL,1
SDQ,1
SDR,1
SDT,0
SDU,1
SDV,1
SDZ,0
SEA,1
SEB,1
SEM,0
SEN,1
SEY,1
SEZ,1
SFA,1
SFD,1
SFF,1
SFG,0
SFH,0
SFJ,1
SFN,1
SFO,1
SFT,1
SFZ,1
SGC,0
SGD,1
SGN,1
SGY,1
SHA,0
SHB,1
SHI,1
SHJ,1
SHM,1
SHO,0
SHV,1
SHW,1
SID,1
SIF,0
SIG,1
SII,0
SIJ,1
SIN,0
SIP,1
SIQ,0
SIR,0
SIS,1
SIT,1
SJB,1
SJC,1
SJD,1
SJE,0
SJI,0
SJJ,1
SJK,1
SJO,1
SJP,0
SJT,1
SJU,1
SJZ,1
SKA,1
SKB,1
SKD,1
SKE,1
SKF,1
SKG,1
SKO,0
SKP,1
SKS,1
SKU,1
SKV,0
SKY,1
SKZ,1
SLA,1
SLC,1
SLD,0
SLF,0
SLL,1
SLM,1
SLP,1
SLU,1
SLW,1
SLZ,1
SMA,1
SMF,1
SMI,1
SML,0
SMR,1
SMS,0
SMV,1
SNA,1
SNC,0
SNE,0
SNN,1
SNO,1
SNP,1
SNR,1
SNU,1
SNW,0
SOC,0
SOF,1
SOG,1
SOJ,1
SOM,0
SOQ,0
SOT,0
SOU,0
SOZ,0
SPB,1
SPC,1
SPD,0
SPG,1
SPK,0
SPM,1
SPN,1
SPP,0
SPS,1
SPU,0
SPY,1
SQC,0
SRE,0
SRG,0
SRH,1
SRI,1
SRJ,0
SRP,1
SRT,1
SSA,1
SSC,1
SSE,0
SSG,1
SSJ,1
SSN,1
SSX,0
SSY,0
SSZ,1
STA,0
STB,0
STD,1
STI,1
STL,1
STM,1
STN,1
STR,1
STT,1
STU,0
STV,0
STW,1
STX,1
STY,1
SUB,1
SUF,1
SUI,1
SUJ,0
SUL,0
SUU,0
SUV,1
SUX,1
SVB,0
SVD,1
SVG,1
SVI,0
SVL,1
SVN,1
SVO,1
SVP,0
SVQ,1
SVW,1
SVX,1
SVZ,0
SWA,0
SWF,1
SWG,0
SWS,1
SXB,1
SXF,1
SXL,0
SXM,1
SXR,0
SYA,1
SYD,1
SYR,1
SYY,1
SYZ,1
SZA,0
SZG,1
SZK,0
SZL,1
SZW,0
SZX,1
SZZ,1
TAB,0
TAC,0
TAE,0
TAF,1
TAK,1
TAL,0
TAM,1
TAO,0
TAP,0
TAR,0
TAS,0
TAT,0
TAW,0
TBF,0
TBN,1
TBP,1
TBS,1
TBT,1
TBU,1
TBZ,1
TCB,0
TCC,1
TCE,1
TCH,0
TCM,1
TCN,0
TCO,0
TCQ,1
TCS,1
TCU,0
TDA,0
TDD,1
TDL,1
TEA,1
TEB,1
TED,0
TEE,1
TER,0
TET,1
TEU,0
TFF,1
TFN,1
TFS,1
TGD,0
TGG,1
TGI,0
TGM,1
TGR,1
TGT,0
TGU,1
TGZ,1
THE,0
THF,0
THL,0
THN,0
THR,1
THU,1
THY,1
THZ,1
TIA,1
TID,1
TIF,1
TIH,0
TIJ,1
TIK,0
TIM,0
TIN,0
TIP,0
TIR,0
TIU,0
TIV,1
TIY,0
TJA,1
TJQ,0
TKA,1
TKC,0
TKD,0
TKK,1
TKN,0
TKP,0
TKS,0
TKU,1
TKX,0
TLC,1
TLE,0
TLH,1
TLJ,0
TLL,1
TLM,1
TLN,1
TLS,1
TLV,1
TMB,1
TME,0
TML,0
TMM,1
TMP,1
TMR,1
TMS,1
TMW,1
TMX,1
TNC,1
TNE,1
TNF,1
TNG,1
TNI,0
TNJ,0
TNN,0
TNR,1
TNT,1
TOE,0
TOJ,0
TOM,1
TOS,0
TOU,0
TOX,1
TOY,0
TPA,1
TPC,0
TPE,1
TPP,1
TPQ,1
TPS,1
TRB,1
TRC,1
TRD,1
TRE,1
TRF,1
TRG,1
TRK,0
TRN,1
TRR,0
TRS,1
TRU,1
TRV,1
TRW,1
TRZ,1
TSA,1
TSE,1
TSF,1
TSJ,1
TSL,0
TSN,1
TSR,1
TST,1
TSV,1
TTA,1
TTB,1
TTE,0
TTH,0
TTJ,1
TTN,1
TTT,0
TTU,1
TUA,0
TUB,0
TUC,1
TUD,0
TUF,1
TUI,1
TUL,0
TUN,0
TUO,1
TUR,1
TUS,1
TUU,1
TUV,0
TWU,1
TXA,0
TXG,0
TXK,1
TXL,1
TYL,1
TYN,1
TYR,1
TYS,1
TZX,1
UAK,1
UAM,1
UAQ,1
UBA,0
UBJ,1
UDI,0
UDR,0
UEL,1
UEO,0
UET,0
UFA,1
UGN,1
UGO,1
UIB,1
UIO,1
UIP,1
ULA,0
ULC,0
ULD,0
ULN,1
ULQ,1
UME,0
UMR,1
UND,0
UNK,1
UPG,1
UPN,1
UPP,1
URA,1
URC,1
URG,1
URO,1
URY,1
USH,1
USN,0
UTA,0
UTC,0
UTH,0
UTN,1
UTO,1
UTP,1
UTT,0
UTW,0
UUD,1
UUS,1
UVE,1
UVF,1
UYL,0
VAA,0
VAD,0
VAF,0
VAG,1
VAN,1
VAR,0
VAS,1
VAV,0
VBG,1
VBS,1
VBY,1
VCE,1
VCP,1
VCV,1
VDA,1
VDB,0
VDE,1
VDM,1
VDP,1
VDR,0
VDZ,1
VER,1
VEY,1
VFA,1
VGA,0
VGO,1
VHC,0
VHM,1
VHY,0
VIC,1
VIE,0
VIR,1
VIT,1
VIX,0
VIY,0
VKO,1
VLC,1
VLG,0
VLI,1
VLL,1
VLN,1
VLV,1
VNE,0
VNS,0
VNX,0
VOG,1
VOH,0
VOL,0
VOZ,1
VPS,1
VRA,0
VRB,1
VRK,1
VRL,0
VRN,1
VRU,0
VSA,1
VST,1
VTB,1
VTE,1
VTU,0
VUP,1
VVC,1
VVI,1
VVO,1
VVZ,0
VXC,1
VXE,0
VXO,1
VYD,0
WAG,0
WAI,0
WAL,0
WAP,0
WAT,0
WAW,0
WCH,1
WEI,1
WEL,0
WFI,0
WGA,1
WGP,0
WHK,0
WIC,1
WIL,1
WJR,1
WKA,0
WKJ,1
WKM,0
WLG,1
WLS,0
WMN,0
WMR,0
WMX,0
WNS,1
WOE,1
WOT,0
WRB,1
WRE,0
WRI,1
WRO,1
WSD,1
WSZ,0
WTD,0
WTN,1
WUH,1
WUU,1
WVK,0
WVN,0
WWD,1
WWK,0
XAC,0
XAP,0
XBJ,1
XBK,0
XCD,0
XFW,0
XGN,0
XIC,0
XIY,1
XLS,1
XMH,0
XMN,1
XMS,0
XMU,0
XQP,0
XRY,1
XSC,0
XSP,1
XVF,0
YAK,1
YAM,0
YAO,0
YAP,1
YAV,0
YAW,0
YAY,1
YAZ,0
YBB,0
YBC,1
YBG,1
YBK,1
YBL,1
YBR,0
YCB,1
YCD,0
YCG,1
YCH,0
YCL,1
YCO,1
YCT,1
YCW,0
YCY,1
YDA,1
YDB,1
YDC,0
YDF,1
YDL,1
YDN,1
YDQ,1
YEC,0
YED,0
YEG,1
YEK,0
YEN,0
YEO,1
YET,0
YEU,1
YEV,1
YFB,0
YFC,1
YFO,0
YFR,0
YFS,1
YGJ,1
YGK,1
YGL,1
YGP,1
YGQ,1
YGR,1
YGW,1
YGX,1
YHB,0
YHD,1
YHI,0
YHK,1
YHM,1
YHU,0
YHY,1
YHZ,1
YIB,0
YIO,0
YIP,1
YJN,1
YJT,0
YKA,1
YKF,1
YKL,1
YKS,1
YKY,1
YKZ,1
YLD,1
YLJ,1
YLL,1
YLT,0
YLW,1
YMA,1
YMJ,0
YMM,1
YMO,1
YMS,1
YMW,1
YMX,1
YNA,1
YNB,1
YND,1
YNG,1
YNM,1
YNT,0
YOC,0
YOD,1
YOJ,1
YOL,0
YOP,0
YOW,0
YPA,1
YPE,1
YPG,1
YPL,0
YPN,1
YPQ,1
YPR,1
YPY,1
YQA,1
YQB,1
YQF,1
YQG,1
YQH,0
YQK,1
YQL,1
YQM,1
YQQ,1
YQR,1
YQT,1
YQU,1
YQV,1
YQW,1
YQX,0
YQY,1
YQZ,1
YRB,1
YRI,1
YRJ,1
YRM,1
YRT,1
YSB,1
YSC,1
YSJ,1
YSM,1
YSR,1
YSU,1
YSY,1
YTE,0
YTH,1
YTR,1
YTS,1
YTZ,1
YUB,1
YUL,1
YUM,0
YUT,0
YUX,1
YUY,1
YVA,1
YVC,1
YVG,1
YVM,1
YVO,1
YVP,1
YVQ,1
YVR,0
YVT,1
YVV,1
YWA,1
YWG,0
YWK,1
YWL,1
YWY,0
YXC,1
YXD,1
YXE,1
YXH,1
YXJ,1
YXL,1
YXP,1
YXR,0
YXS,1
YXT,1
YXU,0
YXX,1
YXY,1
YYB,1
YYC,1
YYD,1
YYE,1
YYF,1
YYG,1
YYH,1
YYJ,1
YYL,0
YYN,1
YYQ,0
YYR,1
YYT,1
YYU,1
YYW,0
YYY,1
YYZ,1
YZD,0
YZE,1
YZF,1
YZH,1
YZP,1
YZR,0
YZS,1
YZT,1
YZU,1
YZV,1
YZW,1
YZX,1
ZAD,1
ZAG,0
ZAH,1
ZAL,1
ZAM,0
ZAR,0
ZAZ,1
ZBR,1
ZCA,0
ZCC,0
ZCL,1
ZCN,0
ZCO,0
ZFA,1
ZFM,1
ZGC,1
ZIG,0
ZIH,1
ZLO,1
ZMM,0
ZND,1
ZNF,0
ZNV,0
ZNZ,1
ZOS,1
ZQC,0
ZQF,0
ZQL,0
ZQN,0
ZRH,1
ZSA,0
ZSE,1
ZTH,1
ZUD,0
ZUN,1
ZVA,0
ZVK,0
ZWA,0
ZYL,0
ZZU,1